inventory_id,product_id,warehouse_id,stock_level,reorder_level,last_restock_date
INV4000,P1371,W5,175,64,2025-09-09
INV4001,P1924,W19,468,31,2025-09-09
INV4002,P1831,W2,319,60,2025-09-09
INV4003,P1701,W17,449,27,2025-09-09
INV4004,P1124,W10,479,29,2025-09-09
INV4005,P1547,W14,490,25,2025-09-09
INV4006,P1887,W13,109,65,2025-09-09
INV4007,P1242,W18,118,67,2025-09-09
INV4008,P1878,W10,352,56,2025-09-09
INV4009,P1453,W11,182,92,2025-09-09
INV4010,P1397,W12,246,29,2025-09-09
INV4011,P1008,W1,171,59,2025-09-09
INV4012,P1931,W9,402,50,2025-09-09
INV4013,P1983,W17,225,36,2025-09-09
INV4014,P1402,W20,273,59,2025-09-09
INV4015,P1949,W5,272,9,2025-09-09
INV4016,P1939,W13,301,40,2025-09-09
INV4017,P1261,W15,283,53,2025-09-09
INV4018,P1308,W7,12,62,2025-09-09
INV4019,P1092,W18,37,43,2025-09-09
INV4020,P1958,W20,335,84,2025-09-09
INV4021,P1842,W20,437,89,2025-09-09
INV4022,P1774,W15,158,65,2025-09-09
INV4023,P1241,W12,37,13,2025-09-09
INV4024,P1304,W13,497,10,2025-09-09
INV4025,P1215,W7,319,39,2025-09-09
INV4026,P1880,W10,447,43,2025-09-09
INV4027,P1911,W3,74,26,2025-09-09
INV4028,P1164,W2,365,45,2025-09-09
INV4029,P1937,W18,30,9,2025-09-09
INV4030,P1449,W11,261,46,2025-09-09
INV4031,P1646,W13,244,91,2025-09-09
INV4032,P1324,W5,236,85,2025-09-09
INV4033,P1900,W17,22,80,2025-09-09
INV4034,P1831,W18,322,91,2025-09-09
INV4035,P1785,W10,58,84,2025-09-09
INV4036,P1659,W7,127,71,2025-09-09
INV4037,P1416,W3,63,34,2025-09-09
INV4038,P1808,W17,147,61,2025-09-09
INV4039,P1034,W18,62,90,2025-09-09
INV4040,P1280,W10,53,77,2025-09-09
INV4041,P1887,W17,312,33,2025-09-09
INV4042,P1082,W11,62,41,2025-09-09
INV4043,P1842,W6,83,91,2025-09-09
INV4044,P1798,W1,55,17,2025-09-09
INV4045,P1963,W1,22,36,2025-09-09
INV4046,P1503,W18,174,50,2025-09-09
INV4047,P1482,W19,111,27,2025-09-09
INV4048,P1754,W9,289,49,2025-09-09
INV4049,P1422,W8,267,21,2025-09-09
INV4050,P1948,W10,479,89,2025-09-09
INV4051,P1861,W14,346,70,2025-09-09
INV4052,P1340,W17,365,10,2025-09-09
INV4053,P1734,W4,407,22,2025-09-09
INV4054,P1432,W2,147,98,2025-09-09
INV4055,P1897,W12,172,26,2025-09-09
INV4056,P1940,W9,418,37,2025-09-09
INV4057,P1839,W17,396,34,2025-09-09
INV4058,P1102,W12,120,85,2025-09-09
INV4059,P1844,W4,111,36,2025-09-09
INV4060,P1164,W2,26,46,2025-09-09
INV4061,P1715,W4,277,82,2025-09-09
INV4062,P1267,W15,191,14,2025-09-09
INV4063,P1518,W10,381,40,2025-09-09
INV4064,P1067,W19,33,38,2025-09-09
INV4065,P1360,W1,38,77,2025-09-09
INV4066,P1430,W15,180,32,2025-09-09
INV4067,P1616,W11,418,15,2025-09-09
INV4068,P1746,W8,237,82,2025-09-09
INV4069,P1832,W19,387,43,2025-09-09
INV4070,P1560,W19,197,51,2025-09-09
INV4071,P1755,W18,355,23,2025-09-09
INV4072,P1334,W20,239,19,2025-09-09
INV4073,P1464,W8,330,32,2025-09-09
INV4074,P1711,W12,349,28,2025-09-09
INV4075,P1028,W10,128,76,2025-09-09
INV4076,P1780,W10,165,13,2025-09-09
INV4077,P1053,W19,281,51,2025-09-09
INV4078,P1656,W5,184,37,2025-09-09
INV4079,P1656,W13,474,66,2025-09-09
INV4080,P1188,W17,113,23,2025-09-09
INV4081,P1645,W8,101,71,2025-09-09
INV4082,P1454,W4,195,78,2025-09-09
INV4083,P1810,W11,469,44,2025-09-09
INV4084,P1656,W17,292,51,2025-09-09
INV4085,P1139,W19,190,69,2025-09-09
INV4086,P1003,W7,179,33,2025-09-09
INV4087,P1410,W12,196,54,2025-09-09
INV4088,P1204,W15,184,17,2025-09-09
INV4089,P1643,W4,231,5,2025-09-09
INV4090,P1312,W5,242,38,2025-09-09
INV4091,P1321,W14,171,97,2025-09-09
INV4092,P1589,W14,430,52,2025-09-09
INV4093,P1084,W3,143,81,2025-09-09
INV4094,P1113,W3,400,52,2025-09-09
INV4095,P1161,W2,489,53,2025-09-09
INV4096,P1255,W14,233,68,2025-09-09
INV4097,P1528,W5,162,65,2025-09-09
INV4098,P1730,W16,42,33,2025-09-09
INV4099,P1992,W7,64,43,2025-09-09
INV4100,P1786,W15,451,92,2025-09-09
INV4101,P1850,W3,16,30,2025-09-09
INV4102,P1664,W12,253,21,2025-09-09
INV4103,P1781,W17,322,75,2025-09-09
INV4104,P1133,W13,135,17,2025-09-09
INV4105,P1867,W19,21,73,2025-09-09
INV4106,P1608,W18,25,30,2025-09-09
INV4107,P1702,W17,217,53,2025-09-09
INV4108,P1420,W13,52,71,2025-09-09
INV4109,P1811,W9,382,11,2025-09-09
INV4110,P1961,W19,493,62,2025-09-09
INV4111,P1327,W16,470,53,2025-09-09
INV4112,P1462,W14,144,57,2025-09-09
INV4113,P1489,W15,237,69,2025-09-09
INV4114,P1894,W16,120,66,2025-09-09
INV4115,P1752,W14,316,21,2025-09-09
INV4116,P1136,W6,466,47,2025-09-09
INV4117,P1266,W5,169,29,2025-09-09
INV4118,P1177,W17,340,7,2025-09-09
INV4119,P1703,W5,273,83,2025-09-09
INV4120,P1607,W16,234,33,2025-09-09
INV4121,P1846,W15,480,36,2025-09-09
INV4122,P1335,W5,226,30,2025-09-09
INV4123,P1818,W17,465,20,2025-09-09
INV4124,P1288,W17,54,29,2025-09-09
INV4125,P1203,W4,223,58,2025-09-09
INV4126,P1086,W7,68,32,2025-09-09
INV4127,P1424,W15,141,77,2025-09-09
INV4128,P1376,W16,113,60,2025-09-09
INV4129,P1186,W2,204,69,2025-09-09
INV4130,P1402,W6,422,97,2025-09-09
INV4131,P1897,W18,498,90,2025-09-09
INV4132,P1386,W12,166,84,2025-09-09
INV4133,P1967,W4,107,45,2025-09-09
INV4134,P1854,W20,235,55,2025-09-09
INV4135,P1905,W14,421,75,2025-09-09
INV4136,P1584,W4,214,82,2025-09-09
INV4137,P1229,W4,88,33,2025-09-09
INV4138,P1021,W12,133,87,2025-09-09
INV4139,P1970,W19,480,23,2025-09-09
INV4140,P1023,W10,437,70,2025-09-09
INV4141,P1945,W2,227,45,2025-09-09
INV4142,P1571,W17,13,49,2025-09-09
INV4143,P1662,W5,99,19,2025-09-09
INV4144,P1626,W4,113,7,2025-09-09
INV4145,P1641,W12,402,15,2025-09-09
INV4146,P1234,W10,128,57,2025-09-09
INV4147,P1928,W12,142,50,2025-09-09
INV4148,P1091,W10,321,34,2025-09-09
INV4149,P1997,W10,105,61,2025-09-09
INV4150,P1473,W16,477,22,2025-09-09
INV4151,P1203,W1,443,55,2025-09-09
INV4152,P1268,W5,340,52,2025-09-09
INV4153,P1718,W5,152,70,2025-09-09
INV4154,P1872,W19,297,12,2025-09-09
INV4155,P1172,W14,37,26,2025-09-09
INV4156,P1050,W2,287,10,2025-09-09
INV4157,P1410,W10,242,80,2025-09-09
INV4158,P1632,W10,26,61,2025-09-09
INV4159,P1439,W7,68,40,2025-09-09
INV4160,P1614,W6,99,83,2025-09-09
INV4161,P1266,W16,208,96,2025-09-09
INV4162,P1152,W1,371,61,2025-09-09
INV4163,P1091,W4,450,53,2025-09-09
INV4164,P1981,W18,35,49,2025-09-09
INV4165,P1376,W12,34,86,2025-09-09
INV4166,P1174,W3,403,70,2025-09-09
INV4167,P1969,W2,310,81,2025-09-09
INV4168,P1580,W14,348,49,2025-09-09
INV4169,P1120,W16,276,83,2025-09-09
INV4170,P1014,W19,470,24,2025-09-09
INV4171,P1735,W10,190,68,2025-09-09
INV4172,P1538,W19,465,97,2025-09-09
INV4173,P1445,W15,369,97,2025-09-09
INV4174,P1791,W11,77,71,2025-09-09
INV4175,P1942,W13,360,87,2025-09-09
INV4176,P1950,W16,421,7,2025-09-09
INV4177,P1464,W20,468,58,2025-09-09
INV4178,P1847,W5,330,82,2025-09-09
INV4179,P1689,W5,58,68,2025-09-09
INV4180,P1506,W17,184,44,2025-09-09
INV4181,P1121,W15,61,63,2025-09-09
INV4182,P1229,W15,111,59,2025-09-09
INV4183,P1730,W15,225,66,2025-09-09
INV4184,P1208,W5,447,8,2025-09-09
INV4185,P1195,W11,197,64,2025-09-09
INV4186,P1968,W3,66,79,2025-09-09
INV4187,P1882,W20,56,99,2025-09-09
INV4188,P1832,W20,168,95,2025-09-09
INV4189,P1800,W14,498,34,2025-09-09
INV4190,P1272,W13,183,6,2025-09-09
INV4191,P1294,W8,251,66,2025-09-09
INV4192,P1764,W13,291,53,2025-09-09
INV4193,P1506,W11,250,13,2025-09-09
INV4194,P1391,W18,379,96,2025-09-09
INV4195,P1133,W2,14,35,2025-09-09
INV4196,P1441,W15,93,65,2025-09-09
INV4197,P1876,W9,317,83,2025-09-09
INV4198,P1211,W3,370,52,2025-09-09
INV4199,P1614,W6,468,29,2025-09-09
INV4200,P1220,W1,257,40,2025-09-09
INV4201,P1843,W19,63,12,2025-09-09
INV4202,P1289,W10,170,77,2025-09-09
INV4203,P1744,W18,443,62,2025-09-09
INV4204,P1693,W4,431,49,2025-09-09
INV4205,P1193,W18,420,66,2025-09-09
INV4206,P1428,W3,235,43,2025-09-09
INV4207,P1184,W7,24,62,2025-09-09
INV4208,P1418,W20,233,85,2025-09-09
INV4209,P1811,W18,70,87,2025-09-09
INV4210,P1149,W19,131,68,2025-09-09
INV4211,P1029,W2,286,48,2025-09-09
INV4212,P1297,W19,55,33,2025-09-09
INV4213,P1999,W17,462,63,2025-09-09
INV4214,P1268,W7,399,75,2025-09-09
INV4215,P1241,W16,303,96,2025-09-09
INV4216,P1632,W17,71,13,2025-09-09
INV4217,P1461,W1,95,96,2025-09-09
INV4218,P1929,W4,455,10,2025-09-09
INV4219,P1254,W18,219,33,2025-09-09
INV4220,P1378,W6,87,62,2025-09-09
INV4221,P1596,W1,211,21,2025-09-09
INV4222,P1700,W9,311,20,2025-09-09
INV4223,P1662,W7,406,91,2025-09-09
INV4224,P1469,W8,232,99,2025-09-09
INV4225,P1087,W19,231,7,2025-09-09
INV4226,P1010,W15,12,25,2025-09-09
INV4227,P1480,W3,487,68,2025-09-09
INV4228,P1136,W18,15,94,2025-09-09
INV4229,P1892,W20,102,40,2025-09-09
INV4230,P1331,W11,17,90,2025-09-09
INV4231,P1997,W13,437,66,2025-09-09
INV4232,P1709,W19,244,46,2025-09-09
INV4233,P1407,W2,117,80,2025-09-09
INV4234,P1703,W16,170,46,2025-09-09
INV4235,P1217,W1,218,65,2025-09-09
INV4236,P1730,W11,249,17,2025-09-09
INV4237,P1392,W14,340,15,2025-09-09
INV4238,P1725,W6,342,58,2025-09-09
INV4239,P1433,W14,59,20,2025-09-09
INV4240,P1753,W1,20,12,2025-09-09
INV4241,P1611,W17,360,63,2025-09-09
INV4242,P1262,W11,165,61,2025-09-09
INV4243,P1074,W13,79,44,2025-09-09
INV4244,P1097,W9,178,63,2025-09-09
INV4245,P1570,W3,281,6,2025-09-09
INV4246,P1060,W4,77,98,2025-09-09
INV4247,P1053,W4,364,98,2025-09-09
INV4248,P1340,W18,261,80,2025-09-09
INV4249,P1953,W6,57,14,2025-09-09
INV4250,P1240,W10,193,48,2025-09-09
INV4251,P1482,W5,329,15,2025-09-09
INV4252,P1930,W6,196,83,2025-09-09
INV4253,P1362,W9,99,84,2025-09-09
INV4254,P1620,W3,455,85,2025-09-09
INV4255,P1961,W5,341,94,2025-09-09
INV4256,P1686,W10,148,6,2025-09-09
INV4257,P1990,W14,366,54,2025-09-09
INV4258,P1821,W6,98,16,2025-09-09
INV4259,P1612,W2,283,94,2025-09-09
INV4260,P1726,W20,28,27,2025-09-09
INV4261,P1766,W11,480,22,2025-09-09
INV4262,P1829,W6,320,66,2025-09-09
INV4263,P1046,W1,367,66,2025-09-09
INV4264,P1005,W2,383,42,2025-09-09
INV4265,P1259,W10,475,71,2025-09-09
INV4266,P1516,W13,163,42,2025-09-09
INV4267,P1634,W4,399,71,2025-09-09
INV4268,P1390,W11,269,98,2025-09-09
INV4269,P1309,W5,117,65,2025-09-09
INV4270,P1404,W14,380,5,2025-09-09
INV4271,P1687,W11,294,98,2025-09-09
INV4272,P1379,W9,68,49,2025-09-09
INV4273,P1135,W13,134,32,2025-09-09
INV4274,P1991,W4,363,25,2025-09-09
INV4275,P1913,W2,282,17,2025-09-09
INV4276,P1572,W7,116,31,2025-09-09
INV4277,P1042,W8,308,11,2025-09-09
INV4278,P1594,W20,254,26,2025-09-09
INV4279,P1183,W19,345,78,2025-09-09
INV4280,P1266,W8,459,57,2025-09-09
INV4281,P1173,W16,427,83,2025-09-09
INV4282,P1515,W17,256,83,2025-09-09
INV4283,P1504,W17,17,8,2025-09-09
INV4284,P1952,W13,150,27,2025-09-09
INV4285,P1347,W4,371,74,2025-09-09
INV4286,P1898,W9,17,92,2025-09-09
INV4287,P1479,W2,487,88,2025-09-09
INV4288,P1135,W11,361,88,2025-09-09
INV4289,P1091,W15,493,80,2025-09-09
INV4290,P1324,W18,103,37,2025-09-09
INV4291,P1727,W14,330,32,2025-09-09
INV4292,P1543,W3,436,12,2025-09-09
INV4293,P1443,W16,48,5,2025-09-09
INV4294,P1145,W1,90,41,2025-09-09
INV4295,P1266,W14,196,67,2025-09-09
INV4296,P1119,W8,93,26,2025-09-09
INV4297,P1320,W1,97,74,2025-09-09
INV4298,P1045,W9,251,25,2025-09-09
INV4299,P1130,W18,351,39,2025-09-09
INV4300,P1511,W19,102,83,2025-09-09
INV4301,P1892,W4,95,9,2025-09-09
INV4302,P1996,W8,53,64,2025-09-09
INV4303,P1854,W18,146,50,2025-09-09
INV4304,P1287,W5,430,54,2025-09-09
INV4305,P1765,W10,83,52,2025-09-09
INV4306,P1369,W19,45,10,2025-09-09
INV4307,P1948,W14,110,93,2025-09-09
INV4308,P1440,W15,485,60,2025-09-09
INV4309,P1289,W3,165,63,2025-09-09
INV4310,P1924,W17,435,33,2025-09-09
INV4311,P1897,W7,264,75,2025-09-09
INV4312,P1269,W5,180,81,2025-09-09
INV4313,P1627,W12,478,22,2025-09-09
INV4314,P1849,W18,225,6,2025-09-09
INV4315,P1779,W6,179,12,2025-09-09
INV4316,P1948,W8,261,79,2025-09-09
INV4317,P1270,W18,369,58,2025-09-09
INV4318,P1529,W14,331,42,2025-09-09
INV4319,P1320,W18,64,52,2025-09-09
INV4320,P1446,W15,465,31,2025-09-09
INV4321,P1914,W2,441,24,2025-09-09
INV4322,P1168,W1,100,16,2025-09-09
INV4323,P1323,W15,287,47,2025-09-09
INV4324,P1754,W20,110,65,2025-09-09
INV4325,P1503,W10,164,35,2025-09-09
INV4326,P1782,W6,386,95,2025-09-09
INV4327,P1972,W1,358,65,2025-09-09
INV4328,P1154,W2,460,78,2025-09-09
INV4329,P1569,W16,373,71,2025-09-09
INV4330,P1873,W9,150,95,2025-09-09
INV4331,P1945,W20,182,39,2025-09-09
INV4332,P1673,W9,19,99,2025-09-09
INV4333,P1651,W13,237,19,2025-09-09
INV4334,P1817,W12,274,20,2025-09-09
INV4335,P1450,W7,447,17,2025-09-09
INV4336,P1054,W19,257,39,2025-09-09
INV4337,P1193,W17,256,79,2025-09-09
INV4338,P1152,W10,164,63,2025-09-09
INV4339,P1055,W2,43,25,2025-09-09
INV4340,P1235,W6,138,58,2025-09-09
INV4341,P1187,W18,169,79,2025-09-09
INV4342,P1036,W19,98,34,2025-09-09
INV4343,P1481,W3,102,52,2025-09-09
INV4344,P1266,W10,336,39,2025-09-09
INV4345,P1167,W3,250,90,2025-09-09
INV4346,P1722,W13,332,42,2025-09-09
INV4347,P1478,W4,477,35,2025-09-09
INV4348,P1446,W5,413,82,2025-09-09
INV4349,P1118,W18,126,28,2025-09-09
INV4350,P1916,W9,103,53,2025-09-09
INV4351,P1949,W14,172,36,2025-09-09
INV4352,P1506,W7,108,59,2025-09-09
INV4353,P1041,W20,122,83,2025-09-09
INV4354,P1452,W17,368,62,2025-09-09
INV4355,P1365,W11,100,7,2025-09-09
INV4356,P1726,W11,355,84,2025-09-09
INV4357,P1574,W9,215,73,2025-09-09
INV4358,P1496,W15,26,89,2025-09-09
INV4359,P1468,W9,283,14,2025-09-09
INV4360,P1504,W8,182,87,2025-09-09
INV4361,P1115,W11,125,29,2025-09-09
INV4362,P1866,W11,358,72,2025-09-09
INV4363,P1737,W7,477,65,2025-09-09
INV4364,P1887,W15,190,33,2025-09-09
INV4365,P1151,W20,100,23,2025-09-09
INV4366,P1126,W11,91,47,2025-09-09
INV4367,P1357,W1,333,70,2025-09-09
INV4368,P1095,W5,458,78,2025-09-09
INV4369,P1208,W1,123,65,2025-09-09
INV4370,P1889,W20,266,47,2025-09-09
INV4371,P1290,W16,67,29,2025-09-09
INV4372,P1184,W1,163,24,2025-09-09
INV4373,P1854,W1,374,52,2025-09-09
INV4374,P1172,W6,413,87,2025-09-09
INV4375,P1767,W14,125,91,2025-09-09
INV4376,P1520,W18,352,28,2025-09-09
INV4377,P1842,W16,275,15,2025-09-09
INV4378,P1279,W13,324,59,2025-09-09
INV4379,P1576,W18,212,32,2025-09-09
INV4380,P1912,W3,50,73,2025-09-09
INV4381,P1679,W3,114,67,2025-09-09
INV4382,P1599,W18,398,63,2025-09-09
INV4383,P1217,W1,387,9,2025-09-09
INV4384,P1597,W15,202,55,2025-09-09
INV4385,P1994,W4,410,25,2025-09-09
INV4386,P1004,W12,287,16,2025-09-09
INV4387,P1538,W13,363,54,2025-09-09
INV4388,P1785,W20,246,8,2025-09-09
INV4389,P1584,W12,434,46,2025-09-09
INV4390,P1184,W13,230,88,2025-09-09
INV4391,P1426,W6,77,42,2025-09-09
INV4392,P1942,W1,206,29,2025-09-09
INV4393,P1078,W4,265,18,2025-09-09
INV4394,P1252,W15,148,79,2025-09-09
INV4395,P1786,W12,321,36,2025-09-09
INV4396,P1510,W7,444,15,2025-09-09
INV4397,P1693,W15,158,65,2025-09-09
INV4398,P1096,W1,108,22,2025-09-09
INV4399,P1908,W8,85,31,2025-09-09
INV4400,P1336,W1,291,59,2025-09-09
INV4401,P1026,W9,380,58,2025-09-09
INV4402,P1291,W12,412,86,2025-09-09
INV4403,P1697,W7,118,91,2025-09-09
INV4404,P1696,W3,197,79,2025-09-09
INV4405,P1124,W20,208,25,2025-09-09
INV4406,P1403,W10,312,48,2025-09-09
INV4407,P1382,W8,336,9,2025-09-09
INV4408,P1604,W8,163,91,2025-09-09
INV4409,P1951,W16,49,45,2025-09-09
INV4410,P1974,W12,142,63,2025-09-09
INV4411,P1108,W2,414,93,2025-09-09
INV4412,P1857,W9,471,58,2025-09-09
INV4413,P1331,W16,141,78,2025-09-09
INV4414,P1157,W20,288,26,2025-09-09
INV4415,P1029,W7,371,87,2025-09-09
INV4416,P1083,W1,93,69,2025-09-09
INV4417,P1471,W7,408,68,2025-09-09
INV4418,P1850,W13,251,75,2025-09-09
INV4419,P1724,W4,125,8,2025-09-09
INV4420,P1675,W9,118,69,2025-09-09
INV4421,P1491,W19,230,19,2025-09-09
INV4422,P1464,W17,401,80,2025-09-09
INV4423,P1643,W16,50,26,2025-09-09
INV4424,P1978,W6,377,90,2025-09-09
INV4425,P1275,W18,156,51,2025-09-09
INV4426,P1608,W7,121,85,2025-09-09
INV4427,P1673,W19,112,97,2025-09-09
INV4428,P1005,W20,55,50,2025-09-09
INV4429,P1337,W19,421,18,2025-09-09
INV4430,P1993,W6,484,54,2025-09-09
INV4431,P1044,W3,333,24,2025-09-09
INV4432,P1671,W19,387,54,2025-09-09
INV4433,P1637,W5,280,37,2025-09-09
INV4434,P1973,W3,492,63,2025-09-09
INV4435,P1463,W5,430,47,2025-09-09
INV4436,P1332,W9,394,83,2025-09-09
INV4437,P1970,W19,204,16,2025-09-09
INV4438,P1749,W8,376,44,2025-09-09
INV4439,P1751,W17,289,24,2025-09-09
INV4440,P1928,W9,292,98,2025-09-09
INV4441,P1980,W7,49,42,2025-09-09
INV4442,P1816,W1,456,7,2025-09-09
INV4443,P1582,W18,198,32,2025-09-09
INV4444,P1132,W20,173,60,2025-09-09
INV4445,P1216,W9,491,94,2025-09-09
INV4446,P1883,W18,486,98,2025-09-09
INV4447,P1049,W15,33,17,2025-09-09
INV4448,P1820,W1,33,81,2025-09-09
INV4449,P1659,W14,499,70,2025-09-09
INV4450,P1289,W2,13,41,2025-09-09
INV4451,P1330,W11,332,53,2025-09-09
INV4452,P1817,W14,299,70,2025-09-09
INV4453,P1056,W14,450,40,2025-09-09
INV4454,P1761,W9,442,58,2025-09-09
INV4455,P1072,W4,480,30,2025-09-09
INV4456,P1560,W17,190,79,2025-09-09
INV4457,P1974,W15,257,76,2025-09-09
INV4458,P1616,W16,125,44,2025-09-09
INV4459,P1390,W12,288,47,2025-09-09
INV4460,P1094,W17,374,26,2025-09-09
INV4461,P1408,W2,78,24,2025-09-09
INV4462,P1261,W8,360,12,2025-09-09
INV4463,P1182,W2,263,33,2025-09-09
INV4464,P1245,W9,190,44,2025-09-09
INV4465,P1988,W14,327,94,2025-09-09
INV4466,P1789,W18,178,34,2025-09-09
INV4467,P1886,W15,322,85,2025-09-09
INV4468,P1408,W11,258,88,2025-09-09
INV4469,P1091,W1,197,59,2025-09-09
INV4470,P1021,W13,63,20,2025-09-09
INV4471,P1872,W7,335,50,2025-09-09
INV4472,P1213,W11,366,66,2025-09-09
INV4473,P1166,W3,322,11,2025-09-09
INV4474,P1397,W19,147,84,2025-09-09
INV4475,P1798,W1,177,49,2025-09-09
INV4476,P1412,W8,400,63,2025-09-09
INV4477,P1291,W14,112,60,2025-09-09
INV4478,P1662,W3,431,52,2025-09-09
INV4479,P1770,W8,94,31,2025-09-09
INV4480,P1977,W7,326,57,2025-09-09
INV4481,P1669,W6,221,91,2025-09-09
INV4482,P1157,W11,12,92,2025-09-09
INV4483,P1123,W10,393,77,2025-09-09
INV4484,P1305,W3,188,39,2025-09-09
INV4485,P1502,W4,351,55,2025-09-09
INV4486,P1820,W1,312,88,2025-09-09
INV4487,P1442,W16,461,41,2025-09-09
INV4488,P1753,W14,485,85,2025-09-09
INV4489,P1825,W1,341,99,2025-09-09
INV4490,P1943,W19,47,61,2025-09-09
INV4491,P1317,W11,429,12,2025-09-09
INV4492,P1925,W9,248,83,2025-09-09
INV4493,P1701,W8,178,99,2025-09-09
INV4494,P1617,W4,462,98,2025-09-09
INV4495,P1134,W16,406,24,2025-09-09
INV4496,P1367,W8,352,57,2025-09-09
INV4497,P1681,W11,323,16,2025-09-09
INV4498,P1098,W2,315,53,2025-09-09
INV4499,P1852,W11,39,21,2025-09-09
INV4500,P1376,W17,199,68,2025-09-09
INV4501,P1524,W8,366,46,2025-09-09
INV4502,P1204,W3,34,98,2025-09-09
INV4503,P1501,W20,121,33,2025-09-09
INV4504,P1456,W20,420,23,2025-09-09
INV4505,P1906,W15,444,15,2025-09-09
INV4506,P1397,W4,215,54,2025-09-09
INV4507,P1487,W15,194,75,2025-09-09
INV4508,P1274,W19,391,62,2025-09-09
INV4509,P1576,W4,388,38,2025-09-09
INV4510,P1614,W3,56,24,2025-09-09
INV4511,P1433,W2,383,54,2025-09-09
INV4512,P1092,W2,237,92,2025-09-09
INV4513,P1774,W13,48,14,2025-09-09
INV4514,P1432,W11,25,36,2025-09-09
INV4515,P1830,W3,31,56,2025-09-09
INV4516,P1377,W5,222,19,2025-09-09
INV4517,P1628,W2,319,88,2025-09-09
INV4518,P1190,W15,158,7,2025-09-09
INV4519,P1444,W2,465,41,2025-09-09
INV4520,P1645,W10,250,44,2025-09-09
INV4521,P1436,W20,281,76,2025-09-09
INV4522,P1095,W14,68,44,2025-09-09
INV4523,P1041,W3,296,60,2025-09-09
INV4524,P1525,W4,435,27,2025-09-09
INV4525,P1349,W2,211,15,2025-09-09
INV4526,P1996,W18,41,68,2025-09-09
INV4527,P1474,W2,452,12,2025-09-09
INV4528,P1692,W10,171,97,2025-09-09
INV4529,P1229,W13,264,98,2025-09-09
INV4530,P1663,W13,263,60,2025-09-09
INV4531,P1702,W4,18,64,2025-09-09
INV4532,P1730,W20,474,14,2025-09-09
INV4533,P1158,W14,148,43,2025-09-09
INV4534,P1953,W8,489,32,2025-09-09
INV4535,P1507,W20,19,53,2025-09-09
INV4536,P1539,W20,223,40,2025-09-09
INV4537,P1644,W1,282,17,2025-09-09
INV4538,P1662,W15,333,40,2025-09-09
INV4539,P1537,W13,57,30,2025-09-09
INV4540,P1085,W15,445,90,2025-09-09
INV4541,P1297,W14,120,8,2025-09-09
INV4542,P1479,W20,162,99,2025-09-09
INV4543,P1447,W20,132,86,2025-09-09
INV4544,P1081,W4,414,68,2025-09-09
INV4545,P1928,W11,366,42,2025-09-09
INV4546,P1820,W1,111,92,2025-09-09
INV4547,P1489,W15,250,91,2025-09-09
INV4548,P1307,W17,330,26,2025-09-09
INV4549,P1152,W11,200,6,2025-09-09
INV4550,P1130,W19,226,35,2025-09-09
INV4551,P1700,W7,60,15,2025-09-09
INV4552,P1924,W4,301,96,2025-09-09
INV4553,P1307,W4,90,50,2025-09-09
INV4554,P1861,W1,498,66,2025-09-09
INV4555,P1254,W20,392,73,2025-09-09
INV4556,P1535,W3,97,68,2025-09-09
INV4557,P1437,W19,203,14,2025-09-09
INV4558,P1302,W7,113,44,2025-09-09
INV4559,P1582,W19,280,28,2025-09-09
INV4560,P1048,W5,105,48,2025-09-09
INV4561,P1564,W17,432,64,2025-09-09
INV4562,P1078,W9,388,66,2025-09-09
INV4563,P1939,W12,207,91,2025-09-09
INV4564,P1046,W14,10,21,2025-09-09
INV4565,P1525,W16,416,69,2025-09-09
INV4566,P1110,W20,387,99,2025-09-09
INV4567,P1522,W15,176,99,2025-09-09
INV4568,P1435,W6,135,61,2025-09-09
INV4569,P1422,W8,322,59,2025-09-09
INV4570,P1096,W5,90,57,2025-09-09
INV4571,P1475,W2,427,60,2025-09-09
INV4572,P1676,W2,260,13,2025-09-09
INV4573,P1737,W5,178,26,2025-09-09
INV4574,P1582,W10,486,17,2025-09-09
INV4575,P1832,W19,82,93,2025-09-09
INV4576,P1259,W14,150,52,2025-09-09
INV4577,P1363,W17,79,22,2025-09-09
INV4578,P1260,W12,271,80,2025-09-09
INV4579,P1599,W10,349,44,2025-09-09
INV4580,P1083,W19,317,21,2025-09-09
INV4581,P1787,W18,254,19,2025-09-09
INV4582,P1515,W5,12,19,2025-09-09
INV4583,P1016,W5,346,83,2025-09-09
INV4584,P1116,W16,72,67,2025-09-09
INV4585,P1758,W10,58,43,2025-09-09
INV4586,P1677,W20,85,17,2025-09-09
INV4587,P1473,W11,377,85,2025-09-09
INV4588,P1183,W10,184,36,2025-09-09
INV4589,P1805,W12,118,13,2025-09-09
INV4590,P1186,W1,192,44,2025-09-09
INV4591,P1863,W17,201,24,2025-09-09
INV4592,P1402,W19,74,94,2025-09-09
INV4593,P1046,W5,346,95,2025-09-09
INV4594,P1085,W2,460,89,2025-09-09
INV4595,P1426,W8,483,86,2025-09-09
INV4596,P1897,W17,280,81,2025-09-09
INV4597,P1721,W18,109,84,2025-09-09
INV4598,P1304,W2,41,77,2025-09-09
INV4599,P1321,W14,361,67,2025-09-09
INV4600,P1601,W12,137,80,2025-09-09
INV4601,P1741,W7,461,48,2025-09-09
INV4602,P1465,W7,411,42,2025-09-09
INV4603,P1775,W7,378,87,2025-09-09
INV4604,P1686,W3,348,64,2025-09-09
INV4605,P1460,W11,52,75,2025-09-09
INV4606,P1638,W7,381,52,2025-09-09
INV4607,P1827,W16,428,22,2025-09-09
INV4608,P1271,W15,497,20,2025-09-09
INV4609,P1349,W20,87,59,2025-09-09
INV4610,P1989,W11,323,43,2025-09-09
INV4611,P1940,W19,298,72,2025-09-09
INV4612,P1892,W19,279,63,2025-09-09
INV4613,P1829,W11,171,93,2025-09-09
INV4614,P1191,W20,198,66,2025-09-09
INV4615,P1216,W10,256,17,2025-09-09
INV4616,P1189,W14,397,85,2025-09-09
INV4617,P1080,W11,225,10,2025-09-09
INV4618,P1764,W6,324,87,2025-09-09
INV4619,P1618,W4,422,81,2025-09-09
INV4620,P1265,W15,348,64,2025-09-09
INV4621,P1892,W2,399,94,2025-09-09
INV4622,P1689,W16,386,18,2025-09-09
INV4623,P1108,W8,490,99,2025-09-09
INV4624,P1444,W1,442,58,2025-09-09
INV4625,P1547,W8,177,8,2025-09-09
INV4626,P1018,W8,348,43,2025-09-09
INV4627,P1005,W15,202,76,2025-09-09
INV4628,P1404,W20,462,29,2025-09-09
INV4629,P1119,W7,292,81,2025-09-09
INV4630,P1013,W8,345,36,2025-09-09
INV4631,P1175,W16,399,63,2025-09-09
INV4632,P1671,W11,497,67,2025-09-09
INV4633,P1488,W13,22,42,2025-09-09
INV4634,P1471,W7,249,96,2025-09-09
INV4635,P1708,W13,329,57,2025-09-09
INV4636,P1414,W6,455,98,2025-09-09
INV4637,P1889,W1,492,71,2025-09-09
INV4638,P1673,W12,156,32,2025-09-09
INV4639,P1988,W1,213,7,2025-09-09
INV4640,P1762,W3,89,84,2025-09-09
INV4641,P1616,W12,388,26,2025-09-09
INV4642,P1743,W1,52,42,2025-09-09
INV4643,P1498,W18,467,76,2025-09-09
INV4644,P1310,W4,98,76,2025-09-09
INV4645,P1633,W5,157,66,2025-09-09
INV4646,P1832,W10,104,61,2025-09-09
INV4647,P1997,W15,461,10,2025-09-09
INV4648,P1631,W7,437,82,2025-09-09
INV4649,P1369,W19,160,36,2025-09-09
INV4650,P1707,W12,11,14,2025-09-09
INV4651,P1689,W2,385,7,2025-09-09
INV4652,P1986,W1,31,63,2025-09-09
INV4653,P1706,W7,380,80,2025-09-09
INV4654,P1691,W7,322,53,2025-09-09
INV4655,P1404,W10,494,63,2025-09-09
INV4656,P1823,W6,337,35,2025-09-09
INV4657,P1309,W8,16,97,2025-09-09
INV4658,P1089,W9,215,73,2025-09-09
INV4659,P1128,W6,449,66,2025-09-09
INV4660,P1138,W11,384,56,2025-09-09
INV4661,P1014,W18,460,93,2025-09-09
INV4662,P1195,W8,123,45,2025-09-09
INV4663,P1114,W6,281,35,2025-09-09
INV4664,P1835,W7,92,89,2025-09-09
INV4665,P1016,W1,188,88,2025-09-09
INV4666,P1712,W6,219,26,2025-09-09
INV4667,P1993,W9,473,8,2025-09-09
INV4668,P1192,W4,337,17,2025-09-09
INV4669,P1879,W1,133,49,2025-09-09
INV4670,P1027,W5,490,46,2025-09-09
INV4671,P1214,W13,122,53,2025-09-09
INV4672,P1492,W4,21,24,2025-09-09
INV4673,P1664,W11,135,81,2025-09-09
INV4674,P1148,W7,62,85,2025-09-09
INV4675,P1665,W10,340,58,2025-09-09
INV4676,P1247,W15,398,40,2025-09-09
INV4677,P1446,W8,292,5,2025-09-09
INV4678,P1862,W12,149,19,2025-09-09
INV4679,P1641,W12,410,81,2025-09-09
INV4680,P1878,W6,399,21,2025-09-09
INV4681,P1808,W17,106,28,2025-09-09
INV4682,P1551,W20,14,62,2025-09-09
INV4683,P1195,W14,66,76,2025-09-09
INV4684,P1088,W3,421,95,2025-09-09
INV4685,P1308,W4,343,27,2025-09-09
INV4686,P1788,W5,78,50,2025-09-09
INV4687,P1474,W5,127,76,2025-09-09
INV4688,P1151,W7,385,12,2025-09-09
INV4689,P1485,W7,68,63,2025-09-09
INV4690,P1432,W18,42,94,2025-09-09
INV4691,P1022,W13,327,63,2025-09-09
INV4692,P1119,W12,59,17,2025-09-09
INV4693,P1170,W11,377,43,2025-09-09
INV4694,P1924,W20,498,32,2025-09-09
INV4695,P1156,W14,28,93,2025-09-09
INV4696,P1756,W8,223,65,2025-09-09
INV4697,P1719,W2,206,20,2025-09-09
INV4698,P1455,W20,388,6,2025-09-09
INV4699,P1986,W19,459,86,2025-09-09
INV4700,P1496,W7,487,21,2025-09-09
INV4701,P1482,W18,56,34,2025-09-09
INV4702,P1020,W10,176,17,2025-09-09
INV4703,P1880,W5,461,97,2025-09-09
INV4704,P1460,W11,298,98,2025-09-09
INV4705,P1599,W8,150,86,2025-09-09
INV4706,P1248,W2,93,17,2025-09-09
INV4707,P1206,W9,191,47,2025-09-09
INV4708,P1301,W5,400,89,2025-09-09
INV4709,P1583,W17,88,98,2025-09-09
INV4710,P1849,W19,224,25,2025-09-09
INV4711,P1853,W16,23,59,2025-09-09
INV4712,P1401,W7,224,85,2025-09-09
INV4713,P1052,W3,412,44,2025-09-09
INV4714,P1341,W16,137,87,2025-09-09
INV4715,P1008,W20,319,19,2025-09-09
INV4716,P1105,W3,486,77,2025-09-09
INV4717,P1645,W6,257,56,2025-09-09
INV4718,P1867,W17,413,78,2025-09-09
INV4719,P1730,W13,38,99,2025-09-09
INV4720,P1442,W17,289,57,2025-09-09
INV4721,P1425,W12,347,91,2025-09-09
INV4722,P1868,W16,328,56,2025-09-09
INV4723,P1507,W17,211,34,2025-09-09
INV4724,P1754,W15,370,37,2025-09-09
INV4725,P1592,W6,66,61,2025-09-09
INV4726,P1610,W11,401,56,2025-09-09
INV4727,P1748,W12,227,13,2025-09-09
INV4728,P1567,W17,71,58,2025-09-09
INV4729,P1297,W16,166,5,2025-09-09
INV4730,P1037,W16,211,48,2025-09-09
INV4731,P1499,W16,26,79,2025-09-09
INV4732,P1409,W9,331,84,2025-09-09
INV4733,P1497,W19,15,13,2025-09-09
INV4734,P1525,W13,67,36,2025-09-09
INV4735,P1605,W19,334,19,2025-09-09
INV4736,P1742,W2,421,16,2025-09-09
INV4737,P1626,W7,327,82,2025-09-09
INV4738,P1957,W8,178,61,2025-09-09
INV4739,P1694,W7,462,12,2025-09-09
INV4740,P1926,W15,91,76,2025-09-09
INV4741,P1836,W8,483,31,2025-09-09
INV4742,P1888,W13,477,66,2025-09-09
INV4743,P1499,W7,434,16,2025-09-09
INV4744,P1237,W10,442,69,2025-09-09
INV4745,P1731,W14,228,46,2025-09-09
INV4746,P1062,W13,186,66,2025-09-09
INV4747,P1540,W19,213,15,2025-09-09
INV4748,P1019,W6,80,47,2025-09-09
INV4749,P1432,W12,396,99,2025-09-09
INV4750,P1590,W9,275,21,2025-09-09
INV4751,P1323,W18,107,36,2025-09-09
INV4752,P1566,W3,354,97,2025-09-09
INV4753,P1065,W5,300,89,2025-09-09
INV4754,P1274,W3,217,89,2025-09-09
INV4755,P1914,W10,11,44,2025-09-09
INV4756,P1663,W15,133,27,2025-09-09
INV4757,P1427,W17,289,60,2025-09-09
INV4758,P1910,W12,83,10,2025-09-09
INV4759,P1484,W8,175,90,2025-09-09
INV4760,P1119,W19,31,54,2025-09-09
INV4761,P1506,W2,163,41,2025-09-09
INV4762,P1637,W15,436,68,2025-09-09
INV4763,P1961,W17,448,58,2025-09-09
INV4764,P1661,W20,304,76,2025-09-09
INV4765,P1355,W11,228,53,2025-09-09
INV4766,P1459,W14,166,15,2025-09-09
INV4767,P1714,W15,239,92,2025-09-09
INV4768,P1446,W15,29,53,2025-09-09
INV4769,P1021,W14,484,25,2025-09-09
INV4770,P1165,W14,50,70,2025-09-09
INV4771,P1294,W12,447,67,2025-09-09
INV4772,P1743,W16,157,87,2025-09-09
INV4773,P1196,W11,117,32,2025-09-09
INV4774,P1480,W9,412,21,2025-09-09
INV4775,P1352,W13,93,10,2025-09-09
INV4776,P1448,W1,492,23,2025-09-09
INV4777,P1237,W6,376,60,2025-09-09
INV4778,P1519,W15,331,32,2025-09-09
INV4779,P1224,W8,423,70,2025-09-09
INV4780,P1601,W9,318,42,2025-09-09
INV4781,P1930,W3,299,41,2025-09-09
INV4782,P1701,W12,415,72,2025-09-09
INV4783,P1347,W3,332,90,2025-09-09
INV4784,P1943,W10,143,94,2025-09-09
INV4785,P1616,W17,216,53,2025-09-09
INV4786,P1873,W17,292,47,2025-09-09
INV4787,P1862,W18,275,40,2025-09-09
INV4788,P1732,W3,82,62,2025-09-09
INV4789,P1672,W9,490,17,2025-09-09
INV4790,P1479,W8,361,56,2025-09-09
INV4791,P1134,W4,57,62,2025-09-09
INV4792,P1904,W4,335,36,2025-09-09
INV4793,P1300,W3,242,85,2025-09-09
INV4794,P1740,W12,452,64,2025-09-09
INV4795,P1728,W2,109,87,2025-09-09
INV4796,P1399,W18,68,62,2025-09-09
INV4797,P1982,W7,267,60,2025-09-09
INV4798,P1426,W11,422,32,2025-09-09
INV4799,P1853,W7,461,5,2025-09-09
INV4800,P1963,W11,74,46,2025-09-09
INV4801,P1689,W9,92,86,2025-09-09
INV4802,P1668,W10,163,52,2025-09-09
INV4803,P1752,W9,482,44,2025-09-09
INV4804,P1368,W7,275,67,2025-09-09
INV4805,P1815,W20,318,80,2025-09-09
INV4806,P1483,W5,88,76,2025-09-09
INV4807,P1818,W18,324,92,2025-09-09
INV4808,P1994,W9,159,84,2025-09-09
INV4809,P1864,W1,444,8,2025-09-09
INV4810,P1165,W10,57,42,2025-09-09
INV4811,P1636,W10,414,31,2025-09-09
INV4812,P1212,W12,388,13,2025-09-09
INV4813,P1289,W13,257,20,2025-09-09
INV4814,P1707,W13,287,60,2025-09-09
INV4815,P1767,W19,365,80,2025-09-09
INV4816,P1088,W1,107,35,2025-09-09
INV4817,P1683,W16,423,92,2025-09-09
INV4818,P1494,W17,34,18,2025-09-09
INV4819,P1132,W5,293,29,2025-09-09
INV4820,P1177,W13,458,38,2025-09-09
INV4821,P1204,W8,378,71,2025-09-09
INV4822,P1160,W8,310,28,2025-09-09
INV4823,P1620,W7,77,77,2025-09-09
INV4824,P1503,W16,16,30,2025-09-09
INV4825,P1103,W8,314,24,2025-09-09
INV4826,P1812,W17,146,68,2025-09-09
INV4827,P1425,W19,173,14,2025-09-09
INV4828,P1965,W18,92,87,2025-09-09
INV4829,P1505,W15,394,71,2025-09-09
INV4830,P1310,W15,147,28,2025-09-09
INV4831,P1240,W11,429,9,2025-09-09
INV4832,P1214,W3,82,71,2025-09-09
INV4833,P1570,W11,246,62,2025-09-09
INV4834,P1048,W7,55,31,2025-09-09
INV4835,P1018,W14,115,84,2025-09-09
INV4836,P1367,W14,425,19,2025-09-09
INV4837,P1902,W7,297,39,2025-09-09
INV4838,P1267,W15,271,80,2025-09-09
INV4839,P1365,W15,185,57,2025-09-09
INV4840,P1693,W18,175,48,2025-09-09
INV4841,P1162,W1,154,30,2025-09-09
INV4842,P1178,W12,339,51,2025-09-09
INV4843,P1847,W5,379,38,2025-09-09
INV4844,P1880,W19,292,91,2025-09-09
INV4845,P1915,W5,63,99,2025-09-09
INV4846,P1515,W10,187,54,2025-09-09
INV4847,P1032,W1,428,88,2025-09-09
INV4848,P1826,W16,253,16,2025-09-09
INV4849,P1065,W12,350,91,2025-09-09
INV4850,P1345,W11,136,8,2025-09-09
INV4851,P1440,W8,418,91,2025-09-09
INV4852,P1116,W14,421,52,2025-09-09
INV4853,P1632,W14,376,59,2025-09-09
INV4854,P1232,W13,280,5,2025-09-09
INV4855,P1123,W18,141,93,2025-09-09
INV4856,P1575,W10,102,70,2025-09-09
INV4857,P1229,W11,388,34,2025-09-09
INV4858,P1498,W19,82,7,2025-09-09
INV4859,P1264,W1,420,25,2025-09-09
INV4860,P1348,W19,419,93,2025-09-09
INV4861,P1803,W2,412,88,2025-09-09
INV4862,P1363,W5,257,53,2025-09-09
INV4863,P1787,W5,357,90,2025-09-09
INV4864,P1047,W11,282,89,2025-09-09
INV4865,P1788,W19,52,66,2025-09-09
INV4866,P1898,W20,386,42,2025-09-09
INV4867,P1570,W20,50,19,2025-09-09
INV4868,P1273,W19,179,56,2025-09-09
INV4869,P1917,W13,443,83,2025-09-09
INV4870,P1154,W13,221,50,2025-09-09
INV4871,P1873,W7,177,29,2025-09-09
INV4872,P1706,W13,48,25,2025-09-09
INV4873,P1894,W3,378,92,2025-09-09
INV4874,P1527,W18,254,9,2025-09-09
INV4875,P1618,W13,160,74,2025-09-09
INV4876,P1685,W7,120,51,2025-09-09
INV4877,P1106,W16,489,91,2025-09-09
INV4878,P1723,W4,445,72,2025-09-09
INV4879,P1051,W11,56,95,2025-09-09
INV4880,P1948,W19,72,22,2025-09-09
INV4881,P1968,W15,234,25,2025-09-09
INV4882,P1448,W10,375,96,2025-09-09
INV4883,P1818,W3,78,90,2025-09-09
INV4884,P1468,W6,308,27,2025-09-09
INV4885,P1985,W4,441,68,2025-09-09
INV4886,P1861,W18,299,71,2025-09-09
INV4887,P1773,W6,305,44,2025-09-09
INV4888,P1113,W2,212,14,2025-09-09
INV4889,P1998,W20,70,93,2025-09-09
INV4890,P1108,W16,443,56,2025-09-09
INV4891,P1800,W1,460,76,2025-09-09
INV4892,P1625,W6,327,79,2025-09-09
INV4893,P1624,W7,323,65,2025-09-09
INV4894,P1800,W3,170,68,2025-09-09
INV4895,P1878,W13,340,9,2025-09-09
INV4896,P1970,W10,25,57,2025-09-09
INV4897,P1104,W7,347,59,2025-09-09
INV4898,P1843,W8,103,41,2025-09-09
INV4899,P1575,W10,313,60,2025-09-09
INV4900,P1042,W17,147,63,2025-09-09
INV4901,P1519,W3,347,97,2025-09-09
INV4902,P1107,W15,47,73,2025-09-09
INV4903,P1171,W2,136,77,2025-09-09
INV4904,P1645,W12,284,63,2025-09-09
INV4905,P1120,W17,173,6,2025-09-09
INV4906,P1891,W1,452,69,2025-09-09
INV4907,P1210,W6,328,64,2025-09-09
INV4908,P1932,W11,86,55,2025-09-09
INV4909,P1370,W14,183,34,2025-09-09
INV4910,P1160,W13,396,15,2025-09-09
INV4911,P1745,W6,467,96,2025-09-09
INV4912,P1299,W4,367,80,2025-09-09
INV4913,P1725,W5,330,43,2025-09-09
INV4914,P1452,W18,385,94,2025-09-09
INV4915,P1780,W14,100,81,2025-09-09
INV4916,P1518,W16,247,76,2025-09-09
INV4917,P1510,W3,273,67,2025-09-09
INV4918,P1750,W13,188,68,2025-09-09
INV4919,P1891,W7,499,65,2025-09-09
INV4920,P1101,W5,218,58,2025-09-09
INV4921,P1157,W7,82,96,2025-09-09
INV4922,P1662,W10,399,98,2025-09-09
INV4923,P1372,W14,116,77,2025-09-09
INV4924,P1342,W16,354,99,2025-09-09
INV4925,P1838,W6,304,62,2025-09-09
INV4926,P1141,W20,378,89,2025-09-09
INV4927,P1125,W19,453,60,2025-09-09
INV4928,P1868,W10,293,38,2025-09-09
INV4929,P1206,W19,362,35,2025-09-09
INV4930,P1449,W7,191,56,2025-09-09
INV4931,P1992,W17,46,93,2025-09-09
INV4932,P1425,W15,146,80,2025-09-09
INV4933,P1787,W9,347,5,2025-09-09
INV4934,P1787,W7,65,59,2025-09-09
INV4935,P1006,W1,196,26,2025-09-09
INV4936,P1251,W5,350,44,2025-09-09
INV4937,P1854,W15,267,5,2025-09-09
INV4938,P1828,W3,454,69,2025-09-09
INV4939,P1485,W13,67,67,2025-09-09
INV4940,P1349,W20,372,58,2025-09-09
INV4941,P1293,W8,132,46,2025-09-09
INV4942,P1517,W17,197,25,2025-09-09
INV4943,P1175,W11,239,83,2025-09-09
INV4944,P1087,W19,177,85,2025-09-09
INV4945,P1272,W16,429,26,2025-09-09
INV4946,P1381,W15,123,42,2025-09-09
INV4947,P1732,W15,261,84,2025-09-09
INV4948,P1772,W19,116,12,2025-09-09
INV4949,P1424,W2,46,66,2025-09-09
INV4950,P1369,W3,344,51,2025-09-09
INV4951,P1644,W10,101,21,2025-09-09
INV4952,P1680,W15,27,21,2025-09-09
INV4953,P1251,W12,363,94,2025-09-09
INV4954,P1155,W10,72,17,2025-09-09
INV4955,P1771,W13,159,21,2025-09-09
INV4956,P1771,W20,148,42,2025-09-09
INV4957,P1542,W6,195,85,2025-09-09
INV4958,P1431,W14,194,82,2025-09-09
INV4959,P1806,W8,214,49,2025-09-09
INV4960,P1233,W6,269,10,2025-09-09
INV4961,P1141,W20,223,39,2025-09-09
INV4962,P1821,W14,265,18,2025-09-09
INV4963,P1439,W15,144,76,2025-09-09
INV4964,P1423,W13,70,65,2025-09-09
INV4965,P1940,W6,372,19,2025-09-09
INV4966,P1419,W19,319,58,2025-09-09
INV4967,P1919,W4,97,31,2025-09-09
INV4968,P1469,W13,333,17,2025-09-09
INV4969,P1974,W2,485,35,2025-09-09
INV4970,P1872,W8,216,39,2025-09-09
INV4971,P1528,W6,138,64,2025-09-09
INV4972,P1813,W9,320,10,2025-09-09
INV4973,P1698,W18,12,73,2025-09-09
INV4974,P1370,W10,471,90,2025-09-09
INV4975,P1966,W3,431,62,2025-09-09
INV4976,P1030,W7,251,53,2025-09-09
INV4977,P1453,W16,130,27,2025-09-09
INV4978,P1149,W14,394,93,2025-09-09
INV4979,P1788,W18,111,38,2025-09-09
INV4980,P1010,W4,47,30,2025-09-09
INV4981,P1734,W12,350,51,2025-09-09
INV4982,P1825,W3,422,9,2025-09-09
INV4983,P1529,W4,142,94,2025-09-09
INV4984,P1966,W17,211,24,2025-09-09
INV4985,P1071,W11,357,10,2025-09-09
INV4986,P1086,W14,30,74,2025-09-09
INV4987,P1346,W15,251,63,2025-09-09
INV4988,P1322,W6,464,68,2025-09-09
INV4989,P1411,W9,460,22,2025-09-09
INV4990,P1790,W7,118,8,2025-09-09
INV4991,P1168,W17,312,21,2025-09-09
INV4992,P1444,W2,93,18,2025-09-09
INV4993,P1062,W15,92,82,2025-09-09
INV4994,P1402,W1,300,17,2025-09-09
INV4995,P1777,W3,461,11,2025-09-09
INV4996,P1037,W15,78,48,2025-09-09
INV4997,P1676,W13,138,19,2025-09-09
INV4998,P1944,W11,205,23,2025-09-09
INV4999,P1656,W13,149,67,2025-09-09
