order_id,customer_id,product_id,order_date,quantity,unit_price,payment_method,delivery_status
O3000,C2450,P1115,2025-07-21 17:56:52,3,8661,Net Banking,Returned
O3001,C2169,P1241,2025-03-04 19:21:40,1,2296,Net Banking,Delivered
O3002,C2235,P1648,2025-01-27 09:29:12,3,3847,Credit Card,Cancelled
O3003,C2078,P1444,2025-03-26 16:44:37,4,8943,Credit Card,Cancelled
O3004,C2526,P1332,2025-01-07 01:31:12,3,6078,Credit Card,Cancelled
O3005,C2658,P1015,2025-01-02 02:43:24,4,5707,Wallet,Returned
O3006,C2287,P1171,2025-05-21 20:38:22,2,869,Debit Card,Returned
O3007,C2216,P1813,2025-06-11 02:52:50,2,880,Debit Card,Returned
O3008,C2153,P1282,2025-07-23 10:39:12,2,6403,Net Banking,Returned
O3009,C2191,P1598,2025-02-12 20:08:38,3,4083,COD,Delivered
O3010,C2161,P1122,2025-02-19 09:26:08,2,9603,COD,Returned
O3011,C2370,P1405,2025-07-20 11:08:37,1,8814,COD,Delivered
O3012,C2616,P1808,2025-09-06 10:32:17,4,621,COD,Returned
O3013,C2734,P1248,2024-12-10 09:12:04,4,9227,Debit Card,Cancelled
O3014,C2836,P1009,2025-07-15 12:41:35,1,7669,Wallet,Returned
O3015,C2121,P1992,2025-08-05 01:26:02,3,5884,COD,Delivered
O3016,C2676,P1043,2025-01-08 04:48:17,3,4683,Net Banking,Returned
O3017,C2235,P1595,2025-05-26 19:37:36,4,6046,Credit Card,Returned
O3018,C2424,P1802,2025-01-14 21:53:57,2,5041,Credit Card,Cancelled
O3019,C2830,P1707,2024-11-30 20:07:10,3,6367,Net Banking,Delivered
O3020,C2338,P1486,2024-12-12 12:59:19,3,7228,Net Banking,Delivered
O3021,C2737,P1704,2025-03-08 05:10:51,1,2561,Net Banking,Cancelled
O3022,C2116,P1610,2024-11-06 19:51:21,1,785,Wallet,Cancelled
O3023,C2493,P1158,2025-06-10 04:17:54,2,2260,Credit Card,Cancelled
O3024,C2691,P1380,2024-11-09 08:25:24,3,7131,Wallet,Returned
O3025,C2490,P1789,2024-09-24 08:39:20,3,9859,COD,Delivered
O3026,C2490,P1091,2024-10-10 22:14:00,1,5441,Credit Card,Cancelled
O3027,C2215,P1254,2024-10-02 21:14:54,3,138,Net Banking,Cancelled
O3028,C2604,P1161,2025-04-26 07:16:48,4,4975,Wallet,Delivered
O3029,C2165,P1511,2025-08-15 22:35:16,1,1356,Debit Card,Returned
O3030,C2662,P1093,2024-10-25 18:53:21,2,7797,Credit Card,Returned
O3031,C2853,P1702,2024-11-06 10:09:13,1,2296,Net Banking,Returned
O3032,C2420,P1633,2024-10-21 21:16:32,3,7265,Net Banking,Delivered
O3033,C2022,P1346,2025-03-03 09:54:58,2,401,COD,Returned
O3034,C2249,P1953,2024-10-29 01:06:16,1,7627,Wallet,Returned
O3035,C2044,P1992,2024-11-07 01:30:12,4,6481,COD,Delivered
O3036,C2130,P1777,2025-06-17 18:22:43,4,746,Debit Card,Delivered
O3037,C2587,P1640,2024-10-08 14:12:25,1,8889,Debit Card,Cancelled
O3038,C2606,P1061,2024-12-28 18:32:12,4,8953,COD,Delivered
O3039,C2164,P1061,2025-07-06 06:00:53,4,4430,Credit Card,Returned
O3040,C2137,P1364,2025-01-17 06:55:42,4,9660,Credit Card,Delivered
O3041,C2644,P1660,2025-06-04 03:44:44,2,7103,COD,Returned
O3042,C2524,P1157,2025-01-12 07:49:49,4,3637,COD,Cancelled
O3043,C2040,P1718,2025-04-23 00:52:02,4,4658,Credit Card,Returned
O3044,C2912,P1549,2024-12-11 23:41:09,4,6679,Wallet,Returned
O3045,C2586,P1810,2025-06-16 03:53:29,2,8574,COD,Returned
O3046,C2150,P1109,2025-03-16 02:29:01,1,9778,Net Banking,Delivered
O3047,C2057,P1128,2025-02-26 03:17:29,3,4182,Wallet,Returned
O3048,C2170,P1499,2025-02-16 06:02:25,4,4283,COD,Delivered
O3049,C2264,P1238,2024-10-27 16:33:50,1,8752,Net Banking,Cancelled
O3050,C2944,P1324,2025-09-06 04:43:25,4,3854,Net Banking,Cancelled
O3051,C2184,P1571,2025-05-18 07:05:26,2,1824,COD,Cancelled
O3052,C2529,P1807,2025-05-27 14:23:54,1,1476,COD,Returned
O3053,C2981,P1660,2025-05-28 21:49:17,2,8806,COD,Returned
O3054,C2415,P1774,2025-04-12 11:48:36,4,8994,Net Banking,Cancelled
O3055,C2613,P1355,2025-06-20 07:59:42,4,1753,Debit Card,Cancelled
O3056,C2992,P1824,2025-04-26 07:09:55,2,2166,COD,Delivered
O3057,C2577,P1913,2025-01-05 13:36:35,3,122,COD,Delivered
O3058,C2652,P1449,2025-09-09 03:12:55,2,2560,Wallet,Cancelled
O3059,C2019,P1750,2025-06-12 11:04:05,4,6026,COD,Cancelled
O3060,C2899,P1197,2024-11-30 12:53:32,2,6351,Wallet,Cancelled
O3061,C2736,P1021,2025-08-23 21:10:37,3,9596,Wallet,Cancelled
O3062,C2745,P1705,2025-03-12 20:29:02,2,7395,Debit Card,Returned
O3063,C2677,P1386,2025-05-22 21:43:59,3,3400,COD,Returned
O3064,C2841,P1366,2024-09-23 05:03:08,3,6379,Debit Card,Delivered
O3065,C2290,P1741,2025-01-29 12:21:13,2,8653,Net Banking,Cancelled
O3066,C2969,P1137,2024-11-09 20:39:03,2,7453,Debit Card,Returned
O3067,C2087,P1256,2025-02-08 20:08:36,1,3827,Credit Card,Returned
O3068,C2221,P1920,2024-11-23 10:28:47,4,6372,Credit Card,Returned
O3069,C2459,P1040,2025-01-22 02:06:28,3,6095,Credit Card,Returned
O3070,C2621,P1496,2024-10-05 17:21:25,1,9576,Wallet,Cancelled
O3071,C2482,P1723,2024-09-29 01:34:16,2,614,Credit Card,Cancelled
O3072,C2888,P1448,2024-09-22 06:09:17,4,548,Debit Card,Returned
O3073,C2493,P1572,2025-08-02 17:29:45,1,6119,COD,Cancelled
O3074,C2174,P1301,2025-08-07 08:50:34,3,5443,Wallet,Returned
O3075,C2224,P1555,2025-07-19 04:01:36,1,8133,Wallet,Returned
O3076,C2850,P1713,2024-12-17 00:10:58,3,2620,Credit Card,Delivered
O3077,C2420,P1501,2025-02-08 08:37:49,2,3181,Net Banking,Delivered
O3078,C2615,P1194,2024-11-21 12:33:54,4,1528,Net Banking,Cancelled
O3079,C2146,P1580,2025-07-22 14:54:03,4,4067,COD,Delivered
O3080,C2813,P1191,2025-03-22 07:48:09,4,6545,Debit Card,Delivered
O3081,C2596,P1556,2025-03-09 01:50:47,2,9214,Credit Card,Cancelled
O3082,C2840,P1356,2025-05-23 17:45:06,3,2259,Debit Card,Delivered
O3083,C2785,P1331,2025-02-11 10:32:54,2,5232,Net Banking,Cancelled
O3084,C2186,P1749,2025-07-11 10:31:15,4,2647,Net Banking,Delivered
O3085,C2638,P1479,2025-06-12 11:21:23,2,3079,Credit Card,Delivered
O3086,C2675,P1281,2025-08-11 01:27:10,2,2749,Net Banking,Delivered
O3087,C2523,P1888,2025-01-13 17:39:25,2,8605,Net Banking,Cancelled
O3088,C2270,P1851,2025-03-03 16:21:59,3,3183,COD,Delivered
O3089,C2171,P1613,2024-10-31 16:25:29,1,1137,COD,Returned
O3090,C2741,P1936,2025-07-23 21:18:30,1,3589,Net Banking,Delivered
O3091,C2702,P1881,2025-01-15 00:40:54,2,7704,Credit Card,Cancelled
O3092,C2350,P1567,2025-06-26 12:12:05,1,7644,Credit Card,Delivered
O3093,C2944,P1164,2025-06-11 18:58:42,1,2734,Net Banking,Delivered
O3094,C2464,P1070,2025-02-21 02:14:56,2,4083,Net Banking,Returned
O3095,C2610,P1543,2025-05-23 18:27:15,2,1878,Wallet,Returned
O3096,C2604,P1158,2025-01-10 07:43:01,4,8002,COD,Delivered
O3097,C2070,P1460,2025-08-31 14:41:31,1,5210,COD,Cancelled
O3098,C2235,P1302,2025-06-28 22:17:45,3,5289,Credit Card,Cancelled
O3099,C2387,P1839,2025-04-18 02:28:48,2,7478,Debit Card,Returned
O3100,C2394,P1269,2025-08-13 05:16:14,4,1224,Debit Card,Returned
O3101,C2135,P1554,2025-06-08 20:48:01,3,797,Net Banking,Delivered
O3102,C2111,P1375,2024-11-20 12:19:32,1,2279,Net Banking,Cancelled
O3103,C2016,P1464,2024-09-12 23:00:37,4,9696,Wallet,Cancelled
O3104,C2207,P1000,2025-08-13 14:58:01,2,5351,Wallet,Cancelled
O3105,C2535,P1794,2025-07-11 05:41:31,3,9335,Credit Card,Cancelled
O3106,C2880,P1653,2024-11-12 19:56:13,2,2029,Debit Card,Returned
O3107,C2931,P1518,2024-12-16 09:26:29,1,1113,Wallet,Returned
O3108,C2516,P1388,2025-02-18 13:13:23,3,326,Debit Card,Delivered
O3109,C2700,P1751,2024-10-16 06:30:57,1,7421,Wallet,Cancelled
O3110,C2429,P1189,2025-03-18 03:51:34,1,1928,COD,Delivered
O3111,C2846,P1904,2025-08-16 02:07:24,4,8009,Net Banking,Delivered
O3112,C2153,P1019,2025-01-17 23:58:01,2,5688,Wallet,Delivered
O3113,C2620,P1634,2024-11-06 14:42:01,3,2123,Wallet,Delivered
O3114,C2098,P1877,2024-09-26 09:22:56,1,5066,Credit Card,Returned
O3115,C2181,P1372,2025-08-19 11:11:46,1,5991,COD,Returned
O3116,C2487,P1794,2024-11-03 13:44:58,3,1180,Net Banking,Cancelled
O3117,C2923,P1635,2024-12-12 06:51:24,1,5136,COD,Cancelled
O3118,C2629,P1244,2025-03-28 05:10:25,4,2663,Net Banking,Returned
O3119,C2614,P1328,2025-05-02 14:38:10,4,3392,COD,Cancelled
O3120,C2039,P1738,2025-03-21 10:44:40,4,3686,COD,Returned
O3121,C2898,P1064,2024-12-26 23:32:27,4,4531,Credit Card,Returned
O3122,C2802,P1674,2025-08-28 10:23:23,1,6941,Debit Card,Cancelled
O3123,C2544,P1990,2024-11-27 14:50:00,3,6743,COD,Cancelled
O3124,C2515,P1551,2025-06-16 23:52:26,3,4059,Net Banking,Returned
O3125,C2770,P1838,2024-11-19 04:10:44,3,261,Net Banking,Returned
O3126,C2120,P1396,2025-02-19 08:30:33,3,693,Credit Card,Returned
O3127,C2095,P1194,2024-09-25 00:02:53,2,3490,Debit Card,Returned
O3128,C2493,P1536,2025-07-06 10:36:43,3,6097,Net Banking,Returned
O3129,C2675,P1699,2024-09-13 15:39:40,2,6454,Credit Card,Cancelled
O3130,C2133,P1509,2025-05-13 08:02:13,2,763,Net Banking,Cancelled
O3131,C2923,P1784,2025-01-28 03:54:03,4,9424,Wallet,Cancelled
O3132,C2617,P1564,2025-06-13 08:04:51,2,641,COD,Returned
O3133,C2552,P1157,2025-01-21 06:19:24,1,5533,Debit Card,Delivered
O3134,C2847,P1627,2025-07-17 20:09:41,2,5193,COD,Cancelled
O3135,C2001,P1289,2025-05-06 20:44:42,4,967,COD,Delivered
O3136,C2918,P1330,2025-02-01 22:30:40,2,8723,Wallet,Cancelled
O3137,C2960,P1419,2025-01-19 00:25:13,1,5569,Debit Card,Delivered
O3138,C2793,P1656,2024-09-11 03:11:24,1,6356,COD,Cancelled
O3139,C2694,P1329,2024-10-20 16:35:37,1,9498,Credit Card,Cancelled
O3140,C2664,P1113,2025-03-16 13:41:00,4,1269,Net Banking,Cancelled
O3141,C2441,P1098,2025-07-06 17:12:42,4,930,Net Banking,Delivered
O3142,C2534,P1535,2025-07-27 04:56:00,3,1751,Credit Card,Delivered
O3143,C2430,P1674,2025-03-23 16:03:06,4,1236,Net Banking,Cancelled
O3144,C2379,P1068,2024-11-27 09:46:48,1,2910,Wallet,Cancelled
O3145,C2895,P1044,2024-12-01 00:54:53,1,8767,Credit Card,Cancelled
O3146,C2044,P1855,2024-11-06 11:19:37,4,9618,Wallet,Delivered
O3147,C2714,P1960,2025-01-17 04:58:05,2,1119,Debit Card,Returned
O3148,C2542,P1132,2025-06-01 07:03:05,4,5337,Net Banking,Delivered
O3149,C2439,P1182,2025-05-23 20:53:07,4,1383,Wallet,Returned
O3150,C2234,P1894,2025-08-09 04:42:38,1,759,Net Banking,Returned
O3151,C2960,P1032,2025-06-23 02:46:40,3,2110,Debit Card,Cancelled
O3152,C2821,P1206,2025-06-26 00:44:53,1,8690,COD,Delivered
O3153,C2493,P1109,2025-03-25 04:26:31,3,1833,Net Banking,Delivered
O3154,C2808,P1497,2024-12-25 06:22:42,1,2225,Debit Card,Returned
O3155,C2787,P1196,2025-04-04 05:44:07,4,2271,Credit Card,Returned
O3156,C2390,P1101,2025-02-08 19:10:23,1,8366,Net Banking,Returned
O3157,C2358,P1032,2025-08-21 13:13:21,1,3571,Credit Card,Delivered
O3158,C2603,P1584,2025-04-03 09:50:43,1,9128,Debit Card,Delivered
O3159,C2823,P1657,2025-04-27 09:25:18,4,5724,Credit Card,Delivered
O3160,C2759,P1856,2025-05-05 22:15:10,4,8791,Wallet,Delivered
O3161,C2929,P1397,2025-09-04 22:00:42,4,8429,COD,Delivered
O3162,C2779,P1673,2025-05-05 20:01:21,4,2197,Credit Card,Cancelled
O3163,C2857,P1501,2024-11-25 10:41:24,3,5168,Wallet,Returned
O3164,C2713,P1538,2025-02-25 23:35:22,3,6497,COD,Delivered
O3165,C2589,P1638,2025-07-05 23:54:39,2,2857,Debit Card,Cancelled
O3166,C2100,P1718,2025-06-21 01:37:01,4,4020,Debit Card,Cancelled
O3167,C2435,P1604,2025-07-17 20:49:18,3,8286,Net Banking,Cancelled
O3168,C2137,P1262,2024-09-25 09:08:47,1,2000,Wallet,Delivered
O3169,C2260,P1050,2025-03-05 18:08:28,4,2710,COD,Delivered
O3170,C2488,P1375,2025-06-16 08:14:29,2,7000,Net Banking,Returned
O3171,C2784,P1226,2025-04-27 13:57:51,2,1549,Net Banking,Returned
O3172,C2238,P1620,2025-04-10 13:14:03,2,8838,Debit Card,Delivered
O3173,C2931,P1735,2024-12-31 18:28:26,1,5117,Credit Card,Returned
O3174,C2879,P1072,2025-04-07 07:35:03,3,8099,COD,Cancelled
O3175,C2085,P1013,2025-06-30 13:59:49,1,6152,Debit Card,Cancelled
O3176,C2290,P1952,2025-03-06 07:58:19,4,2196,Debit Card,Delivered
O3177,C2612,P1943,2024-09-27 08:34:26,2,8995,Credit Card,Cancelled
O3178,C2897,P1213,2024-12-29 13:16:31,1,6504,Wallet,Cancelled
O3179,C2556,P1671,2025-01-17 05:47:01,1,9917,Wallet,Returned
O3180,C2418,P1503,2024-09-17 00:39:20,3,3431,COD,Delivered
O3181,C2263,P1950,2025-02-15 06:19:34,3,7562,Credit Card,Returned
O3182,C2193,P1911,2025-04-26 22:32:22,2,5205,Credit Card,Cancelled
O3183,C2005,P1852,2025-05-11 14:08:18,1,3078,Net Banking,Delivered
O3184,C2726,P1081,2025-07-14 14:08:39,1,2939,Credit Card,Delivered
O3185,C2761,P1479,2024-10-04 11:00:02,3,3484,COD,Cancelled
O3186,C2808,P1820,2025-03-13 08:30:03,1,785,Credit Card,Cancelled
O3187,C2007,P1654,2025-07-29 05:40:07,1,7631,Net Banking,Delivered
O3188,C2591,P1062,2025-08-17 03:24:51,1,4383,Wallet,Cancelled
O3189,C2535,P1369,2025-02-19 02:40:58,3,7836,Credit Card,Cancelled
O3190,C2120,P1571,2025-09-05 21:02:07,2,7810,Credit Card,Delivered
O3191,C2532,P1761,2025-03-09 02:12:40,4,1719,COD,Delivered
O3192,C2007,P1960,2025-08-31 01:45:16,2,6968,Net Banking,Returned
O3193,C2384,P1911,2025-08-19 12:34:55,4,1531,Credit Card,Returned
O3194,C2670,P1425,2025-05-04 11:44:07,1,9167,COD,Returned
O3195,C2210,P1841,2025-04-20 04:08:56,2,4813,Net Banking,Cancelled
O3196,C2704,P1377,2024-12-08 18:14:32,4,9657,Debit Card,Returned
O3197,C2823,P1813,2025-09-03 13:29:40,3,9535,Net Banking,Returned
O3198,C2323,P1725,2025-01-10 11:21:46,3,5098,Debit Card,Cancelled
O3199,C2418,P1059,2025-07-31 06:35:48,2,262,Debit Card,Cancelled
O3200,C2370,P1843,2025-04-27 13:12:17,2,2074,Net Banking,Cancelled
O3201,C2109,P1631,2024-12-05 15:15:03,1,3391,Net Banking,Returned
O3202,C2158,P1272,2025-03-03 13:11:20,2,8561,COD,Returned
O3203,C2436,P1541,2024-12-21 20:51:51,1,731,Net Banking,Delivered
O3204,C2667,P1041,2025-01-04 16:30:44,1,1005,Wallet,Returned
O3205,C2599,P1751,2025-08-22 07:10:54,3,2114,Credit Card,Returned
O3206,C2259,P1072,2025-05-21 07:16:00,3,9933,Net Banking,Cancelled
O3207,C2267,P1854,2025-08-07 00:25:39,4,7996,Debit Card,Cancelled
O3208,C2875,P1311,2024-09-25 02:29:03,3,304,Debit Card,Returned
O3209,C2548,P1079,2025-07-24 06:12:37,3,681,Net Banking,Delivered
O3210,C2433,P1967,2024-12-08 04:31:09,2,5775,Credit Card,Returned
O3211,C2578,P1221,2025-05-27 15:54:59,3,9132,Credit Card,Cancelled
O3212,C2374,P1983,2025-08-27 07:06:47,4,5447,COD,Delivered
O3213,C2626,P1531,2025-04-23 03:36:07,2,2743,COD,Delivered
O3214,C2282,P1099,2024-12-17 18:27:03,4,8117,COD,Returned
O3215,C2696,P1103,2025-02-10 09:35:47,3,2397,Credit Card,Returned
O3216,C2406,P1742,2024-12-22 03:03:58,4,974,Debit Card,Delivered
O3217,C2773,P1236,2024-09-11 17:36:57,2,5660,COD,Cancelled
O3218,C2208,P1544,2025-04-04 04:33:29,1,789,Net Banking,Delivered
O3219,C2423,P1394,2024-12-08 02:10:11,4,4100,COD,Cancelled
O3220,C2565,P1194,2024-09-25 19:34:31,4,9714,Net Banking,Returned
O3221,C2802,P1197,2024-12-05 05:00:40,2,771,Net Banking,Delivered
O3222,C2570,P1538,2025-07-26 02:40:41,2,8027,Debit Card,Cancelled
O3223,C2494,P1672,2025-03-03 12:59:22,4,1271,Net Banking,Cancelled
O3224,C2183,P1254,2024-12-11 21:07:53,3,5691,COD,Delivered
O3225,C2379,P1583,2025-02-11 05:48:00,4,9235,Debit Card,Cancelled
O3226,C2572,P1640,2024-09-10 22:39:07,2,6442,Debit Card,Delivered
O3227,C2568,P1970,2025-02-24 01:40:02,1,1549,Credit Card,Returned
O3228,C2495,P1183,2024-09-28 14:52:01,1,2639,Net Banking,Returned
O3229,C2259,P1571,2024-10-09 15:01:59,3,4059,COD,Delivered
O3230,C2314,P1767,2025-07-18 16:30:16,4,6385,Net Banking,Returned
O3231,C2591,P1571,2025-07-19 00:49:28,1,5532,COD,Returned
O3232,C2352,P1425,2024-12-25 08:08:13,4,4360,Wallet,Delivered
O3233,C2792,P1764,2025-04-05 22:38:21,2,2461,Credit Card,Cancelled
O3234,C2722,P1108,2025-07-23 08:39:53,1,6264,Debit Card,Delivered
O3235,C2407,P1784,2025-08-25 09:34:02,3,3770,Credit Card,Delivered
O3236,C2753,P1653,2025-04-10 07:51:14,2,1853,Wallet,Delivered
O3237,C2141,P1590,2025-09-10 02:20:13,3,8200,Credit Card,Returned
O3238,C2875,P1366,2025-02-18 22:06:55,2,2038,Credit Card,Cancelled
O3239,C2884,P1690,2024-09-16 10:00:29,1,8662,Wallet,Returned
O3240,C2675,P1469,2025-03-23 22:20:33,3,6076,Credit Card,Returned
O3241,C2121,P1719,2025-08-13 09:06:41,3,6688,Credit Card,Delivered
O3242,C2765,P1681,2025-06-21 15:24:09,2,8716,Wallet,Returned
O3243,C2235,P1437,2025-07-15 16:09:44,3,6404,Wallet,Cancelled
O3244,C2457,P1904,2025-07-04 20:34:38,2,7445,Debit Card,Delivered
O3245,C2801,P1106,2025-05-16 15:05:31,2,7975,COD,Cancelled
O3246,C2716,P1170,2025-07-13 02:18:41,2,9186,COD,Cancelled
O3247,C2972,P1811,2025-01-06 23:42:21,2,6733,Wallet,Returned
O3248,C2165,P1184,2025-07-05 16:21:07,1,697,COD,Returned
O3249,C2102,P1563,2025-05-01 04:21:55,2,3162,Net Banking,Returned
O3250,C2219,P1411,2025-05-25 16:12:47,4,2436,Net Banking,Delivered
O3251,C2520,P1516,2024-09-29 22:51:18,3,9979,Net Banking,Returned
O3252,C2410,P1345,2025-03-21 22:39:21,4,672,Debit Card,Cancelled
O3253,C2804,P1673,2025-04-23 09:18:40,1,7621,COD,Cancelled
O3254,C2346,P1161,2024-12-01 22:50:40,4,6271,Credit Card,Delivered
O3255,C2820,P1546,2025-04-05 11:45:22,3,7197,Wallet,Returned
O3256,C2563,P1614,2025-05-24 21:19:58,4,2190,COD,Cancelled
O3257,C2628,P1453,2025-04-12 14:02:17,1,6666,Debit Card,Cancelled
O3258,C2713,P1955,2024-12-30 17:54:12,2,4724,Credit Card,Cancelled
O3259,C2700,P1360,2025-07-09 20:46:21,4,1733,Wallet,Cancelled
O3260,C2723,P1924,2024-10-25 01:40:43,1,1617,Credit Card,Delivered
O3261,C2053,P1322,2025-08-08 05:02:03,1,3748,Wallet,Cancelled
O3262,C2164,P1563,2024-12-10 06:28:57,3,1637,Net Banking,Cancelled
O3263,C2398,P1332,2025-09-04 13:09:56,3,3237,Wallet,Cancelled
O3264,C2987,P1865,2025-02-08 03:39:59,4,7085,Wallet,Cancelled
O3265,C2651,P1380,2025-04-15 20:17:21,2,197,Debit Card,Cancelled
O3266,C2005,P1422,2025-06-18 21:53:19,1,3850,Debit Card,Returned
O3267,C2823,P1782,2025-01-15 16:19:59,4,8635,Debit Card,Delivered
O3268,C2093,P1648,2024-11-17 21:38:33,1,8274,COD,Delivered
O3269,C2843,P1440,2025-04-09 18:02:03,1,8203,Net Banking,Returned
O3270,C2148,P1845,2025-05-22 20:59:43,2,5513,Net Banking,Cancelled
O3271,C2482,P1743,2024-11-26 20:12:28,2,4766,Wallet,Returned
O3272,C2948,P1331,2024-09-15 14:08:09,4,710,Debit Card,Cancelled
O3273,C2614,P1623,2025-06-03 03:07:21,2,1827,Net Banking,Cancelled
O3274,C2445,P1246,2025-02-23 20:54:40,2,1954,Net Banking,Cancelled
O3275,C2090,P1576,2024-10-11 00:19:08,4,5155,Wallet,Delivered
O3276,C2065,P1558,2025-01-15 18:04:48,2,2424,Wallet,Returned
O3277,C2269,P1219,2025-05-19 06:41:24,3,9469,Credit Card,Cancelled
O3278,C2227,P1384,2024-12-14 10:48:00,1,9383,Credit Card,Returned
O3279,C2379,P1784,2025-03-15 10:20:17,1,5874,Wallet,Cancelled
O3280,C2081,P1563,2024-09-18 02:31:47,1,6619,Credit Card,Delivered
O3281,C2623,P1948,2024-10-18 16:42:37,1,1849,Net Banking,Returned
O3282,C2038,P1762,2024-10-30 12:13:20,4,881,Wallet,Returned
O3283,C2741,P1260,2025-09-06 15:59:22,1,7648,Wallet,Delivered
O3284,C2393,P1368,2025-06-28 02:41:11,1,6923,Debit Card,Delivered
O3285,C2953,P1984,2025-06-20 23:14:42,1,2205,Net Banking,Delivered
O3286,C2410,P1463,2024-12-19 08:12:42,1,3967,Net Banking,Cancelled
O3287,C2628,P1458,2024-11-14 17:04:54,3,7293,COD,Cancelled
O3288,C2671,P1982,2025-05-23 09:37:17,1,5076,COD,Returned
O3289,C2533,P1406,2025-01-01 14:15:54,3,2213,Debit Card,Cancelled
O3290,C2293,P1000,2025-05-28 23:24:28,4,5979,COD,Delivered
O3291,C2728,P1743,2024-12-18 21:57:08,2,4070,Credit Card,Returned
O3292,C2986,P1035,2025-02-18 11:07:20,1,9359,Wallet,Cancelled
O3293,C2611,P1291,2024-11-11 22:20:05,2,7364,Credit Card,Delivered
O3294,C2058,P1610,2025-08-27 21:47:06,2,1677,Net Banking,Delivered
O3295,C2968,P1016,2025-02-22 16:28:23,4,9303,COD,Cancelled
O3296,C2792,P1530,2024-11-28 07:57:51,2,2374,Credit Card,Returned
O3297,C2839,P1138,2025-06-20 05:57:25,3,4969,Net Banking,Cancelled
O3298,C2179,P1911,2024-11-12 17:24:12,2,6844,COD,Cancelled
O3299,C2655,P1309,2025-01-28 10:26:41,2,2526,Wallet,Delivered
O3300,C2506,P1006,2024-10-17 23:24:53,2,5646,Wallet,Returned
O3301,C2449,P1307,2025-07-04 04:51:26,1,6952,COD,Cancelled
O3302,C2010,P1227,2025-09-06 22:08:11,1,2651,Wallet,Returned
O3303,C2206,P1219,2024-12-31 05:17:14,3,6511,Debit Card,Returned
O3304,C2870,P1876,2025-01-08 06:21:18,3,107,COD,Delivered
O3305,C2672,P1322,2025-04-08 16:27:40,1,8187,Debit Card,Delivered
O3306,C2953,P1022,2025-06-05 15:27:34,3,2655,COD,Delivered
O3307,C2823,P1790,2025-04-11 03:45:04,1,575,Debit Card,Cancelled
O3308,C2530,P1841,2025-05-16 05:47:56,4,5516,Wallet,Cancelled
O3309,C2292,P1965,2024-10-06 16:58:46,2,8776,Wallet,Returned
O3310,C2199,P1706,2024-10-09 16:09:08,2,7339,Credit Card,Cancelled
O3311,C2034,P1842,2024-11-09 11:40:52,3,6810,Net Banking,Delivered
O3312,C2802,P1282,2025-08-15 04:41:16,1,5100,Debit Card,Cancelled
O3313,C2613,P1941,2024-10-27 05:35:15,1,4754,COD,Returned
O3314,C2522,P1566,2025-08-07 08:29:42,3,8178,Wallet,Cancelled
O3315,C2528,P1523,2025-09-09 00:06:28,1,6163,Wallet,Cancelled
O3316,C2715,P1569,2024-09-11 08:41:52,4,2385,COD,Returned
O3317,C2237,P1584,2024-12-12 02:27:27,2,5323,Net Banking,Returned
O3318,C2629,P1948,2024-10-05 16:40:33,3,7071,COD,Cancelled
O3319,C2173,P1585,2025-07-09 11:21:33,3,3625,Debit Card,Delivered
O3320,C2690,P1158,2025-07-06 05:45:38,1,2922,Debit Card,Delivered
O3321,C2036,P1096,2025-07-15 14:16:06,3,5043,Credit Card,Delivered
O3322,C2368,P1038,2025-07-01 14:55:24,4,6630,COD,Delivered
O3323,C2244,P1471,2024-12-23 22:44:07,1,358,Wallet,Cancelled
O3324,C2670,P1364,2024-11-18 13:48:08,1,382,Credit Card,Cancelled
O3325,C2000,P1159,2024-10-24 02:22:07,1,1998,COD,Returned
O3326,C2999,P1141,2025-07-04 03:03:50,1,4235,COD,Returned
O3327,C2161,P1271,2025-03-04 08:01:09,4,6729,Wallet,Cancelled
O3328,C2088,P1375,2025-01-19 03:40:58,1,3300,Net Banking,Delivered
O3329,C2282,P1910,2024-10-27 05:34:14,3,5210,COD,Returned
O3330,C2798,P1596,2025-03-23 10:19:50,4,7267,Credit Card,Returned
O3331,C2409,P1255,2025-07-04 13:18:43,2,712,Wallet,Cancelled
O3332,C2361,P1238,2025-07-31 10:13:25,2,787,Debit Card,Cancelled
O3333,C2685,P1262,2025-07-09 19:29:34,3,3790,Net Banking,Delivered
O3334,C2404,P1830,2025-04-05 16:26:03,3,8904,Wallet,Cancelled
O3335,C2415,P1307,2025-03-09 18:33:40,4,2407,Credit Card,Returned
O3336,C2600,P1094,2025-03-27 10:29:15,2,7233,COD,Returned
O3337,C2205,P1584,2024-10-27 11:42:28,2,6609,Credit Card,Delivered
O3338,C2530,P1409,2025-03-15 23:10:33,2,6006,COD,Delivered
O3339,C2015,P1582,2025-05-27 11:52:22,2,2691,Wallet,Delivered
O3340,C2754,P1939,2025-05-06 15:58:58,2,7283,Net Banking,Cancelled
O3341,C2720,P1222,2024-12-27 03:37:33,1,5348,Wallet,Cancelled
O3342,C2070,P1751,2025-07-12 03:02:21,3,8866,Credit Card,Delivered
O3343,C2941,P1079,2024-10-12 09:47:29,1,5208,Credit Card,Returned
O3344,C2092,P1740,2025-01-26 10:15:06,2,3704,Debit Card,Returned
O3345,C2562,P1332,2025-07-13 11:41:23,4,769,Debit Card,Cancelled
O3346,C2291,P1811,2024-10-15 19:27:33,4,4464,COD,Returned
O3347,C2743,P1494,2025-01-25 06:06:49,2,7429,Credit Card,Cancelled
O3348,C2849,P1177,2024-11-17 13:49:48,2,1383,Debit Card,Returned
O3349,C2572,P1499,2025-02-07 16:59:11,4,1023,Debit Card,Cancelled
O3350,C2936,P1845,2025-07-20 07:45:04,1,1225,Wallet,Cancelled
O3351,C2596,P1920,2024-11-22 14:04:55,1,1629,COD,Returned
O3352,C2356,P1706,2025-04-09 20:16:57,2,9886,Net Banking,Returned
O3353,C2355,P1719,2024-12-16 06:25:02,1,8538,Wallet,Cancelled
O3354,C2986,P1590,2025-06-18 18:06:17,4,3811,COD,Returned
O3355,C2835,P1839,2024-09-17 03:34:10,1,8104,COD,Delivered
O3356,C2283,P1929,2025-08-29 20:03:56,2,9852,Wallet,Cancelled
O3357,C2231,P1097,2025-08-30 23:39:15,4,6374,Debit Card,Returned
O3358,C2620,P1609,2025-05-08 23:40:58,1,3964,Debit Card,Returned
O3359,C2986,P1657,2025-07-19 10:59:53,3,7933,Net Banking,Returned
O3360,C2199,P1307,2025-07-15 03:51:36,4,6888,Net Banking,Delivered
O3361,C2465,P1038,2025-07-04 17:49:28,4,326,COD,Cancelled
O3362,C2952,P1748,2024-10-13 15:12:30,3,364,Net Banking,Delivered
O3363,C2413,P1827,2024-10-04 16:54:53,3,9687,Wallet,Returned
O3364,C2588,P1590,2024-11-12 02:20:56,4,745,Net Banking,Delivered
O3365,C2004,P1390,2024-11-05 16:45:06,3,7644,Credit Card,Delivered
O3366,C2267,P1080,2025-01-20 22:17:27,2,5669,COD,Cancelled
O3367,C2179,P1798,2024-11-11 08:09:07,2,3090,Credit Card,Cancelled
O3368,C2416,P1057,2025-03-31 19:52:38,2,2604,COD,Returned
O3369,C2518,P1943,2025-07-23 16:03:31,4,9446,COD,Delivered
O3370,C2109,P1789,2025-06-04 20:33:36,3,687,Wallet,Cancelled
O3371,C2572,P1342,2025-04-05 18:27:35,3,9277,Debit Card,Delivered
O3372,C2074,P1356,2024-11-24 11:28:34,1,4179,Net Banking,Delivered
O3373,C2515,P1900,2025-03-14 23:23:38,1,3448,Credit Card,Cancelled
O3374,C2301,P1836,2025-09-04 04:38:05,3,6399,Net Banking,Cancelled
O3375,C2348,P1444,2025-07-01 04:21:29,3,3931,COD,Cancelled
O3376,C2969,P1426,2025-05-13 08:20:17,3,9533,Credit Card,Returned
O3377,C2119,P1952,2025-01-24 12:47:59,4,8481,Credit Card,Cancelled
O3378,C2822,P1888,2024-09-21 15:19:52,3,9272,COD,Delivered
O3379,C2525,P1123,2025-01-20 04:23:28,1,9990,Net Banking,Cancelled
O3380,C2979,P1890,2025-08-07 12:55:52,4,1815,Credit Card,Cancelled
O3381,C2263,P1788,2025-02-08 06:00:45,3,6550,Net Banking,Returned
O3382,C2897,P1232,2025-07-14 21:51:10,1,5533,Credit Card,Returned
O3383,C2550,P1765,2025-06-30 23:09:24,4,1198,Debit Card,Delivered
O3384,C2832,P1668,2025-02-24 23:57:04,3,7196,Wallet,Returned
O3385,C2812,P1869,2024-10-20 07:00:47,3,2426,COD,Delivered
O3386,C2588,P1616,2025-07-20 14:01:31,3,9187,Wallet,Returned
O3387,C2256,P1950,2025-03-28 01:46:29,4,6516,Net Banking,Delivered
O3388,C2710,P1011,2025-07-08 09:14:10,1,7080,Wallet,Delivered
O3389,C2453,P1649,2025-07-22 08:17:20,1,6863,Wallet,Returned
O3390,C2989,P1796,2025-02-13 08:52:12,2,1774,Wallet,Delivered
O3391,C2386,P1647,2024-12-01 13:00:54,3,8050,Wallet,Returned
O3392,C2576,P1391,2024-11-14 03:06:15,2,9222,COD,Cancelled
O3393,C2495,P1055,2024-11-22 21:56:39,2,9015,Debit Card,Cancelled
O3394,C2788,P1312,2025-05-09 06:30:57,1,6149,Debit Card,Returned
O3395,C2249,P1536,2025-05-15 15:30:25,4,1189,Wallet,Cancelled
O3396,C2775,P1042,2025-03-16 19:30:24,4,4678,Debit Card,Cancelled
O3397,C2347,P1326,2025-07-07 10:52:40,1,9227,Debit Card,Returned
O3398,C2984,P1552,2025-04-25 18:53:47,4,255,COD,Returned
O3399,C2794,P1578,2025-06-27 11:03:57,2,9362,Wallet,Returned
O3400,C2469,P1153,2025-06-07 21:29:36,3,2058,Net Banking,Cancelled
O3401,C2697,P1334,2024-10-06 01:14:06,1,6444,Wallet,Delivered
O3402,C2471,P1514,2025-06-26 06:19:46,3,5879,Debit Card,Returned
O3403,C2918,P1714,2024-12-07 03:09:03,4,6244,Net Banking,Returned
O3404,C2600,P1226,2025-07-31 03:53:04,3,5163,Debit Card,Cancelled
O3405,C2882,P1156,2025-05-23 05:36:00,4,3930,Debit Card,Delivered
O3406,C2028,P1051,2025-09-07 17:17:17,4,9146,Credit Card,Delivered
O3407,C2493,P1689,2025-08-30 14:21:38,2,8931,Credit Card,Delivered
O3408,C2119,P1749,2025-07-10 06:56:19,4,9894,Credit Card,Returned
O3409,C2264,P1402,2025-03-21 01:35:14,2,6759,Debit Card,Cancelled
O3410,C2069,P1994,2025-04-14 13:33:34,2,541,Wallet,Cancelled
O3411,C2391,P1456,2025-07-06 10:25:01,2,6140,Wallet,Cancelled
O3412,C2648,P1770,2025-03-06 21:10:39,1,6025,Debit Card,Cancelled
O3413,C2807,P1609,2025-02-07 11:20:48,1,7458,Credit Card,Cancelled
O3414,C2225,P1589,2025-01-13 04:55:43,4,4728,Debit Card,Delivered
O3415,C2693,P1516,2025-05-17 14:27:57,2,6470,Wallet,Delivered
O3416,C2718,P1092,2025-01-31 07:48:06,1,9628,Wallet,Delivered
O3417,C2235,P1227,2024-11-26 09:32:42,2,1048,COD,Delivered
O3418,C2819,P1442,2025-08-25 14:00:36,3,8279,Wallet,Returned
O3419,C2323,P1296,2024-09-26 08:48:55,3,6215,COD,Delivered
O3420,C2422,P1805,2024-09-24 04:45:28,3,559,Debit Card,Delivered
O3421,C2978,P1403,2025-03-04 23:05:54,4,7668,Wallet,Returned
O3422,C2361,P1151,2024-11-22 02:42:51,2,4746,COD,Returned
O3423,C2528,P1135,2024-09-11 12:21:56,3,492,Wallet,Returned
O3424,C2548,P1344,2025-04-19 19:12:59,1,1887,COD,Returned
O3425,C2009,P1084,2025-01-26 02:26:41,3,7474,Wallet,Returned
O3426,C2717,P1487,2024-09-16 17:15:32,3,1238,Wallet,Returned
O3427,C2852,P1585,2025-05-26 04:00:48,3,4841,Net Banking,Returned
O3428,C2269,P1763,2025-09-07 18:26:32,4,7518,Debit Card,Returned
O3429,C2254,P1050,2025-02-01 17:58:36,1,6462,Debit Card,Delivered
O3430,C2294,P1561,2025-05-20 00:09:20,2,2554,Wallet,Cancelled
O3431,C2095,P1408,2025-01-19 14:49:41,1,9758,COD,Cancelled
O3432,C2408,P1268,2025-02-18 10:43:52,2,3774,Credit Card,Delivered
O3433,C2689,P1087,2025-06-28 05:41:29,4,1477,COD,Delivered
O3434,C2766,P1408,2025-08-01 07:55:14,4,6801,Wallet,Delivered
O3435,C2840,P1513,2024-09-12 23:00:07,4,2697,Debit Card,Delivered
O3436,C2350,P1444,2025-01-10 11:16:32,4,241,COD,Cancelled
O3437,C2077,P1792,2025-08-10 20:09:46,2,2759,Net Banking,Cancelled
O3438,C2567,P1714,2025-03-09 01:38:07,3,4696,Wallet,Cancelled
O3439,C2953,P1133,2024-10-13 04:02:01,2,9131,COD,Returned
O3440,C2182,P1780,2024-11-01 03:23:21,1,5761,COD,Cancelled
O3441,C2487,P1138,2025-08-03 11:12:53,4,6242,Net Banking,Delivered
O3442,C2321,P1492,2024-10-17 08:15:01,4,5726,Credit Card,Cancelled
O3443,C2362,P1572,2025-04-29 00:12:08,1,8887,Credit Card,Returned
O3444,C2223,P1202,2025-03-31 05:13:13,2,8572,COD,Returned
O3445,C2915,P1499,2025-04-16 02:25:06,3,523,Wallet,Cancelled
O3446,C2587,P1404,2025-07-04 14:28:50,3,7099,Net Banking,Delivered
O3447,C2275,P1667,2024-10-25 07:28:42,1,4349,Credit Card,Returned
O3448,C2187,P1585,2025-04-28 07:46:12,3,1850,COD,Cancelled
O3449,C2969,P1200,2024-11-01 19:08:51,2,4857,Wallet,Delivered
O3450,C2764,P1574,2025-03-12 22:21:44,2,2067,Credit Card,Returned
O3451,C2699,P1630,2025-03-21 01:18:35,1,4188,Debit Card,Delivered
O3452,C2952,P1753,2025-04-13 01:27:48,2,4278,COD,Delivered
O3453,C2931,P1536,2025-04-12 07:00:14,4,7889,Net Banking,Delivered
O3454,C2194,P1252,2025-06-18 23:35:21,1,3046,Wallet,Returned
O3455,C2510,P1248,2025-07-02 20:09:14,2,9741,COD,Delivered
O3456,C2754,P1073,2025-01-20 09:15:42,1,5494,Credit Card,Returned
O3457,C2204,P1272,2024-10-26 13:51:21,3,7980,COD,Delivered
O3458,C2240,P1795,2025-05-10 18:36:02,2,5175,COD,Cancelled
O3459,C2753,P1440,2025-07-21 23:09:12,4,7330,Credit Card,Delivered
O3460,C2247,P1331,2024-09-22 16:24:47,2,1631,Debit Card,Delivered
O3461,C2893,P1701,2025-07-12 09:05:25,1,3090,Wallet,Delivered
O3462,C2271,P1946,2025-07-31 10:33:13,1,7255,Credit Card,Delivered
O3463,C2211,P1589,2025-05-15 21:00:57,2,4593,COD,Cancelled
O3464,C2234,P1091,2025-01-11 04:57:16,4,9435,COD,Returned
O3465,C2207,P1115,2024-12-14 14:54:47,4,1033,Net Banking,Delivered
O3466,C2854,P1687,2025-01-09 06:16:10,4,1560,COD,Delivered
O3467,C2255,P1423,2025-04-06 15:38:21,1,2823,Credit Card,Delivered
O3468,C2856,P1433,2025-07-26 08:48:21,2,385,Net Banking,Cancelled
O3469,C2633,P1374,2025-02-22 08:56:04,3,364,COD,Cancelled
O3470,C2364,P1356,2025-01-02 00:50:28,1,6916,Credit Card,Delivered
O3471,C2159,P1195,2024-09-25 04:36:44,4,1862,Wallet,Delivered
O3472,C2797,P1328,2025-08-09 12:56:21,2,140,Wallet,Delivered
O3473,C2109,P1352,2024-10-21 11:01:14,4,5927,COD,Delivered
O3474,C2122,P1608,2024-10-01 09:30:10,3,8359,Wallet,Returned
O3475,C2942,P1671,2025-09-09 18:14:38,4,1087,COD,Returned
O3476,C2080,P1024,2025-01-04 15:47:28,4,7904,Net Banking,Returned
O3477,C2692,P1788,2025-05-26 06:16:56,3,7889,Wallet,Delivered
O3478,C2978,P1312,2024-11-02 05:51:31,2,5817,Net Banking,Cancelled
O3479,C2679,P1173,2025-06-07 07:59:52,1,3298,Net Banking,Delivered
O3480,C2504,P1358,2024-12-19 09:02:01,2,5474,Net Banking,Cancelled
O3481,C2628,P1631,2025-07-23 20:29:23,3,4890,Debit Card,Delivered
O3482,C2006,P1841,2025-02-04 11:37:46,4,7283,Credit Card,Delivered
O3483,C2782,P1822,2024-11-08 12:04:57,2,2624,COD,Cancelled
O3484,C2877,P1452,2024-12-28 01:41:34,1,9377,Net Banking,Returned
O3485,C2554,P1638,2025-01-20 02:09:29,3,2579,COD,Delivered
O3486,C2980,P1149,2025-08-06 01:47:58,2,9985,Net Banking,Delivered
O3487,C2043,P1451,2025-02-17 02:04:22,1,5254,Credit Card,Delivered
O3488,C2868,P1045,2024-10-08 23:06:33,3,878,Wallet,Returned
O3489,C2493,P1946,2025-04-04 06:36:15,1,9877,COD,Delivered
O3490,C2380,P1837,2025-01-29 08:24:03,3,1592,Debit Card,Returned
O3491,C2635,P1239,2024-10-09 05:46:05,4,760,COD,Delivered
O3492,C2322,P1204,2025-03-22 14:02:54,2,1448,Credit Card,Delivered
O3493,C2504,P1701,2025-01-07 20:02:03,1,9591,Net Banking,Returned
O3494,C2919,P1382,2025-06-23 22:11:32,3,7951,COD,Cancelled
O3495,C2902,P1159,2025-01-04 12:12:10,1,7256,Credit Card,Delivered
O3496,C2918,P1775,2025-02-15 01:59:17,1,2144,Net Banking,Delivered
O3497,C2588,P1745,2024-09-18 21:33:23,2,7468,Wallet,Delivered
O3498,C2889,P1873,2024-09-20 05:23:29,4,3616,Credit Card,Returned
O3499,C2281,P1087,2024-12-29 19:30:57,1,9350,Debit Card,Cancelled
O3500,C2502,P1115,2025-01-15 08:33:50,3,9268,COD,Returned
O3501,C2187,P1757,2024-11-20 19:54:54,3,4677,Credit Card,Cancelled
O3502,C2782,P1055,2025-06-13 12:08:11,4,827,Net Banking,Cancelled
O3503,C2937,P1248,2024-10-16 05:12:36,3,7568,Net Banking,Delivered
O3504,C2523,P1971,2025-08-13 18:02:58,4,442,Debit Card,Returned
O3505,C2286,P1635,2024-11-02 10:34:04,3,1547,COD,Returned
O3506,C2407,P1948,2025-09-06 19:03:00,2,6681,Net Banking,Returned
O3507,C2227,P1151,2025-04-01 22:36:20,1,6417,Net Banking,Delivered
O3508,C2768,P1889,2025-05-02 05:10:18,2,626,Net Banking,Returned
O3509,C2590,P1852,2025-04-30 21:50:59,1,6848,Credit Card,Returned
O3510,C2131,P1839,2025-08-06 18:53:00,1,505,Credit Card,Delivered
O3511,C2055,P1294,2024-10-18 22:53:13,1,8086,COD,Delivered
O3512,C2538,P1014,2025-01-28 20:43:16,2,9865,Debit Card,Returned
O3513,C2818,P1351,2024-10-24 02:24:02,1,3840,COD,Delivered
O3514,C2433,P1710,2024-10-17 00:36:23,2,1946,Debit Card,Returned
O3515,C2489,P1823,2024-12-21 16:11:51,4,1578,Wallet,Delivered
O3516,C2962,P1113,2025-07-05 07:56:38,3,871,Net Banking,Returned
O3517,C2553,P1312,2025-01-17 16:46:47,3,5625,Debit Card,Delivered
O3518,C2033,P1460,2025-01-11 16:33:25,1,8870,Net Banking,Cancelled
O3519,C2514,P1482,2025-08-21 02:14:34,2,293,Debit Card,Delivered
O3520,C2355,P1023,2024-10-28 02:53:44,3,2107,Wallet,Returned
O3521,C2403,P1339,2024-11-19 23:48:31,2,1285,Debit Card,Delivered
O3522,C2881,P1214,2025-04-21 22:13:11,2,2494,COD,Returned
O3523,C2702,P1757,2024-12-01 12:33:13,1,9402,Credit Card,Delivered
O3524,C2794,P1550,2025-04-24 04:26:12,3,4105,Net Banking,Delivered
O3525,C2178,P1216,2025-07-17 21:40:50,1,7529,Credit Card,Returned
O3526,C2468,P1208,2024-10-10 16:30:29,1,2361,Debit Card,Returned
O3527,C2999,P1559,2024-12-08 23:35:37,3,3836,COD,Cancelled
O3528,C2123,P1535,2024-09-29 03:07:24,3,6816,Debit Card,Cancelled
O3529,C2715,P1768,2024-12-26 10:58:56,4,4975,Wallet,Returned
O3530,C2530,P1264,2025-01-09 00:57:36,4,9021,Wallet,Returned
O3531,C2471,P1561,2025-08-02 20:43:09,2,4478,Wallet,Delivered
O3532,C2323,P1494,2025-07-02 11:18:11,3,7915,Debit Card,Cancelled
O3533,C2705,P1637,2025-04-11 17:59:25,4,3551,Wallet,Returned
O3534,C2008,P1747,2025-06-30 05:18:04,2,7716,Debit Card,Delivered
O3535,C2012,P1144,2025-04-08 07:01:02,2,9936,Debit Card,Delivered
O3536,C2690,P1711,2025-08-30 15:12:13,2,2900,COD,Cancelled
O3537,C2215,P1715,2025-08-09 18:29:28,4,8433,Net Banking,Cancelled
O3538,C2388,P1684,2024-10-11 00:11:27,3,5510,Credit Card,Cancelled
O3539,C2594,P1018,2025-07-22 06:07:24,1,1555,Net Banking,Delivered
O3540,C2103,P1385,2025-06-13 21:35:00,2,6992,Credit Card,Returned
O3541,C2333,P1596,2025-04-11 06:08:08,4,5908,Credit Card,Delivered
O3542,C2370,P1927,2025-09-08 06:27:33,4,6896,Debit Card,Cancelled
O3543,C2627,P1679,2025-04-22 07:04:45,1,4896,Wallet,Delivered
O3544,C2882,P1539,2025-08-14 01:27:52,1,5193,Wallet,Cancelled
O3545,C2265,P1044,2025-06-05 05:26:14,4,1425,Wallet,Delivered
O3546,C2191,P1261,2025-04-10 03:22:04,3,5076,Net Banking,Cancelled
O3547,C2561,P1174,2025-01-03 11:50:27,1,9505,Wallet,Delivered
O3548,C2269,P1061,2025-08-28 01:11:09,4,1259,COD,Returned
O3549,C2242,P1290,2025-04-12 14:06:28,1,4750,Debit Card,Delivered
O3550,C2275,P1205,2025-05-23 13:44:47,3,5087,Wallet,Cancelled
O3551,C2482,P1808,2025-01-03 15:00:25,2,4797,Wallet,Cancelled
O3552,C2981,P1713,2024-10-19 01:48:19,1,440,Wallet,Returned
O3553,C2627,P1632,2025-08-23 18:43:05,3,3928,Net Banking,Cancelled
O3554,C2351,P1277,2025-02-13 19:57:55,4,2068,Debit Card,Returned
O3555,C2374,P1054,2025-06-29 05:38:19,1,803,COD,Returned
O3556,C2188,P1476,2025-09-06 13:14:37,1,5582,Wallet,Delivered
O3557,C2510,P1670,2024-09-25 21:22:37,4,6476,Credit Card,Delivered
O3558,C2434,P1967,2025-01-09 04:43:21,2,1900,Net Banking,Cancelled
O3559,C2215,P1008,2025-09-01 21:52:13,4,5563,Wallet,Cancelled
O3560,C2429,P1068,2025-08-17 00:53:48,1,5012,Wallet,Delivered
O3561,C2717,P1397,2025-02-20 05:57:20,4,4748,Net Banking,Cancelled
O3562,C2770,P1676,2024-10-16 04:11:46,3,955,COD,Cancelled
O3563,C2381,P1277,2025-05-23 13:43:33,4,2966,Credit Card,Cancelled
O3564,C2373,P1678,2025-01-17 11:56:45,1,282,Credit Card,Returned
O3565,C2874,P1872,2024-12-23 13:23:15,4,3212,COD,Returned
O3566,C2410,P1934,2025-06-24 21:10:35,2,5770,Net Banking,Cancelled
O3567,C2286,P1675,2024-09-30 06:51:00,4,4592,Wallet,Returned
O3568,C2461,P1368,2024-11-02 05:35:57,2,5923,COD,Cancelled
O3569,C2184,P1885,2024-10-06 18:27:01,3,1617,Net Banking,Delivered
O3570,C2585,P1110,2024-10-16 16:45:21,2,5102,Net Banking,Returned
O3571,C2134,P1019,2025-04-26 13:04:11,4,1456,Net Banking,Cancelled
O3572,C2589,P1299,2024-09-11 15:02:50,1,3729,Net Banking,Cancelled
O3573,C2702,P1888,2024-10-21 13:23:32,2,3728,Credit Card,Cancelled
O3574,C2234,P1904,2025-08-22 06:08:56,3,8310,Net Banking,Delivered
O3575,C2833,P1664,2025-03-14 07:25:31,2,6232,COD,Delivered
O3576,C2102,P1395,2024-09-26 14:02:13,2,9424,Wallet,Cancelled
O3577,C2738,P1236,2025-03-11 07:09:11,2,6688,Wallet,Returned
O3578,C2276,P1389,2025-07-21 10:46:08,3,3411,Debit Card,Cancelled
O3579,C2823,P1520,2025-01-28 07:38:07,4,6148,COD,Delivered
O3580,C2241,P1726,2025-02-14 17:45:55,2,6346,Debit Card,Delivered
O3581,C2568,P1101,2025-04-08 13:09:04,2,1087,COD,Returned
O3582,C2442,P1925,2024-10-21 13:58:20,1,3421,Net Banking,Cancelled
O3583,C2876,P1323,2024-12-21 16:57:56,3,4715,Debit Card,Returned
O3584,C2390,P1496,2024-11-10 17:51:52,2,8465,Net Banking,Delivered
O3585,C2200,P1887,2025-04-27 12:50:01,3,3841,COD,Cancelled
O3586,C2149,P1611,2025-09-09 23:54:58,2,3152,Credit Card,Cancelled
O3587,C2819,P1544,2025-04-16 00:21:03,4,6674,Credit Card,Returned
O3588,C2982,P1090,2025-08-23 15:54:35,4,826,Credit Card,Returned
O3589,C2756,P1190,2025-07-15 11:17:29,2,3860,Credit Card,Returned
O3590,C2153,P1203,2024-12-15 05:15:00,4,5906,Wallet,Delivered
O3591,C2484,P1512,2024-10-11 22:03:17,2,1975,Credit Card,Delivered
O3592,C2825,P1989,2025-01-17 19:22:04,4,7093,COD,Delivered
O3593,C2009,P1468,2024-11-14 11:05:24,1,4133,Credit Card,Cancelled
O3594,C2180,P1574,2024-11-20 23:12:21,1,5543,Wallet,Cancelled
O3595,C2431,P1948,2025-05-19 22:00:07,1,1089,Net Banking,Returned
O3596,C2511,P1729,2025-09-01 15:34:38,3,3844,Debit Card,Returned
O3597,C2137,P1022,2025-04-19 01:16:58,3,8711,Net Banking,Delivered
O3598,C2914,P1040,2025-06-09 04:39:01,1,693,Net Banking,Returned
O3599,C2869,P1253,2025-08-12 15:50:00,3,1874,Debit Card,Delivered
O3600,C2645,P1944,2024-10-20 09:51:02,4,1035,Credit Card,Delivered
O3601,C2529,P1542,2025-05-13 01:31:16,2,3908,Credit Card,Cancelled
O3602,C2546,P1312,2025-07-22 12:22:43,2,431,COD,Delivered
O3603,C2737,P1341,2024-09-16 14:41:16,2,8022,Credit Card,Cancelled
O3604,C2323,P1501,2025-03-11 17:20:11,1,2802,Credit Card,Delivered
O3605,C2804,P1402,2024-12-03 21:28:43,3,5989,COD,Returned
O3606,C2498,P1762,2025-06-20 02:06:23,4,5154,Debit Card,Cancelled
O3607,C2307,P1160,2025-06-12 02:13:12,4,3968,COD,Delivered
O3608,C2256,P1018,2024-10-29 06:14:48,1,4300,Credit Card,Delivered
O3609,C2575,P1355,2024-11-14 20:18:56,4,301,Credit Card,Cancelled
O3610,C2879,P1700,2025-06-23 15:02:45,4,2597,Credit Card,Returned
O3611,C2581,P1360,2025-07-26 08:54:32,4,1942,COD,Cancelled
O3612,C2048,P1363,2025-08-11 13:06:43,4,9201,Debit Card,Cancelled
O3613,C2407,P1640,2025-06-02 02:33:15,3,4758,Wallet,Returned
O3614,C2101,P1309,2025-03-27 00:16:48,4,7644,COD,Returned
O3615,C2707,P1241,2024-12-11 17:27:51,2,7818,Debit Card,Returned
O3616,C2167,P1513,2025-02-15 11:40:40,1,870,Credit Card,Cancelled
O3617,C2061,P1282,2024-09-12 02:57:01,3,3255,Debit Card,Returned
O3618,C2220,P1831,2025-06-01 16:53:21,4,1728,Net Banking,Cancelled
O3619,C2833,P1063,2025-04-01 04:09:29,3,486,Net Banking,Cancelled
O3620,C2260,P1640,2025-08-15 21:56:44,4,6131,Wallet,Cancelled
O3621,C2487,P1263,2024-12-25 05:09:05,2,6539,Credit Card,Returned
O3622,C2859,P1899,2025-04-22 00:49:26,1,6501,Wallet,Returned
O3623,C2644,P1396,2025-07-15 16:27:14,4,4108,Net Banking,Cancelled
O3624,C2098,P1911,2025-06-20 12:23:00,4,2566,Wallet,Cancelled
O3625,C2460,P1834,2025-07-08 12:57:56,4,2382,Net Banking,Returned
O3626,C2762,P1030,2025-08-03 00:11:45,4,1956,Net Banking,Cancelled
O3627,C2342,P1966,2024-11-21 21:46:08,1,8080,Debit Card,Delivered
O3628,C2266,P1568,2025-03-20 09:32:01,1,2098,Credit Card,Cancelled
O3629,C2369,P1971,2025-04-10 17:20:27,2,5576,Net Banking,Delivered
O3630,C2368,P1286,2024-12-11 11:10:28,1,9528,Credit Card,Delivered
O3631,C2573,P1230,2024-10-03 03:03:38,4,4769,Wallet,Cancelled
O3632,C2570,P1155,2025-02-23 22:59:11,2,9442,Wallet,Cancelled
O3633,C2954,P1349,2024-12-01 00:24:33,2,4418,Net Banking,Cancelled
O3634,C2829,P1918,2025-05-06 05:39:18,2,7164,Credit Card,Delivered
O3635,C2263,P1402,2025-05-27 01:28:12,4,7546,Net Banking,Returned
O3636,C2352,P1672,2025-02-07 22:12:37,3,1531,Net Banking,Delivered
O3637,C2020,P1140,2024-11-23 19:38:37,4,5724,Debit Card,Delivered
O3638,C2421,P1089,2025-07-27 11:28:13,1,7561,Wallet,Delivered
O3639,C2124,P1747,2025-04-03 00:57:12,1,1919,Credit Card,Returned
O3640,C2359,P1391,2025-01-01 17:53:49,4,1230,Wallet,Delivered
O3641,C2888,P1533,2025-01-21 18:29:08,4,6663,Debit Card,Delivered
O3642,C2695,P1983,2024-11-01 23:15:02,2,2758,COD,Cancelled
O3643,C2986,P1694,2025-02-14 04:04:54,4,3600,Wallet,Returned
O3644,C2620,P1627,2025-04-27 12:03:12,2,8666,Debit Card,Delivered
O3645,C2203,P1893,2025-02-16 21:32:08,1,2220,Wallet,Delivered
O3646,C2590,P1640,2025-08-29 18:26:48,2,4120,Credit Card,Cancelled
O3647,C2589,P1702,2025-04-22 16:07:07,4,3359,Debit Card,Returned
O3648,C2665,P1232,2024-12-30 18:53:16,1,1923,COD,Returned
O3649,C2664,P1427,2024-12-23 16:17:45,3,1574,Wallet,Cancelled
O3650,C2551,P1246,2024-12-15 18:48:38,2,2342,Debit Card,Delivered
O3651,C2178,P1586,2025-05-07 10:47:59,1,3343,COD,Cancelled
O3652,C2799,P1156,2025-08-08 13:28:46,2,7090,Credit Card,Returned
O3653,C2291,P1436,2025-08-21 13:02:54,1,5260,Wallet,Returned
O3654,C2363,P1993,2024-10-28 11:29:15,1,3234,Net Banking,Delivered
O3655,C2332,P1319,2025-06-11 14:30:10,2,2170,Credit Card,Delivered
O3656,C2689,P1931,2025-02-20 06:26:59,3,459,Credit Card,Returned
O3657,C2522,P1619,2024-12-18 02:26:32,1,1241,Credit Card,Returned
O3658,C2499,P1337,2025-05-19 20:37:16,1,1735,Credit Card,Cancelled
O3659,C2793,P1459,2025-05-03 03:04:14,1,4100,COD,Cancelled
O3660,C2754,P1555,2025-03-22 08:21:53,3,3461,Net Banking,Delivered
O3661,C2457,P1134,2024-09-10 15:12:58,3,6683,Wallet,Cancelled
O3662,C2910,P1211,2024-10-24 13:55:33,4,7935,Credit Card,Returned
O3663,C2080,P1668,2025-02-14 13:37:46,2,106,Wallet,Cancelled
O3664,C2390,P1141,2025-04-27 11:44:52,3,3367,Debit Card,Cancelled
O3665,C2628,P1594,2024-11-23 07:27:46,2,6664,Credit Card,Returned
O3666,C2293,P1554,2025-06-27 02:13:23,4,9883,Credit Card,Cancelled
O3667,C2474,P1700,2024-12-17 07:12:46,2,5028,Wallet,Returned
O3668,C2646,P1819,2025-06-05 13:03:33,3,2706,Net Banking,Cancelled
O3669,C2979,P1207,2024-10-29 20:30:13,2,6006,Debit Card,Returned
O3670,C2148,P1883,2025-04-22 00:07:38,3,3373,Net Banking,Returned
O3671,C2889,P1141,2024-11-20 16:01:01,2,7711,Wallet,Delivered
O3672,C2171,P1316,2025-07-23 08:51:56,3,1013,COD,Delivered
O3673,C2655,P1705,2025-05-16 22:33:25,3,2111,Credit Card,Cancelled
O3674,C2827,P1722,2025-04-23 09:34:15,2,1542,COD,Delivered
O3675,C2950,P1920,2024-10-26 15:56:43,4,5646,Wallet,Cancelled
O3676,C2345,P1536,2025-05-28 16:04:17,1,1929,Wallet,Cancelled
O3677,C2431,P1931,2024-12-15 16:28:32,4,8867,Wallet,Cancelled
O3678,C2646,P1138,2024-10-31 12:11:12,2,6568,Wallet,Cancelled
O3679,C2627,P1440,2025-06-13 05:18:45,4,1029,Credit Card,Cancelled
O3680,C2585,P1930,2024-09-25 16:25:32,3,3799,COD,Cancelled
O3681,C2414,P1999,2024-12-08 17:24:26,1,9755,Debit Card,Delivered
O3682,C2869,P1788,2024-12-16 03:48:28,2,1154,Credit Card,Delivered
O3683,C2928,P1148,2025-06-26 08:27:46,2,5844,Wallet,Delivered
O3684,C2073,P1671,2024-09-28 03:41:11,2,2000,Wallet,Returned
O3685,C2081,P1955,2025-06-21 01:26:37,1,9749,Credit Card,Returned
O3686,C2165,P1578,2024-10-08 02:37:20,3,7080,COD,Cancelled
O3687,C2351,P1939,2025-06-02 17:39:14,2,7169,COD,Returned
O3688,C2233,P1161,2025-02-10 08:43:20,4,9691,Net Banking,Delivered
O3689,C2321,P1325,2024-10-31 16:58:22,2,3515,Net Banking,Cancelled
O3690,C2324,P1069,2024-12-03 18:50:54,2,542,Net Banking,Cancelled
O3691,C2668,P1570,2024-12-26 11:18:02,2,6318,Wallet,Delivered
O3692,C2298,P1545,2024-10-23 19:18:39,2,4752,Credit Card,Cancelled
O3693,C2727,P1971,2025-04-21 05:06:04,3,8039,Credit Card,Returned
O3694,C2273,P1736,2024-09-11 03:56:21,4,7933,Net Banking,Cancelled
O3695,C2619,P1121,2025-05-21 05:23:13,3,9470,COD,Cancelled
O3696,C2660,P1188,2024-11-30 16:55:44,4,7697,Net Banking,Delivered
O3697,C2404,P1325,2025-06-15 14:48:19,2,4558,Credit Card,Returned
O3698,C2277,P1859,2024-10-23 02:10:05,1,6691,Wallet,Returned
O3699,C2908,P1900,2025-07-29 09:33:51,3,9549,Net Banking,Cancelled
O3700,C2455,P1149,2025-06-07 10:57:21,1,2409,Debit Card,Returned
O3701,C2799,P1744,2024-09-15 09:55:42,3,6368,Debit Card,Returned
O3702,C2883,P1030,2025-02-17 14:25:56,2,1010,COD,Returned
O3703,C2961,P1783,2024-10-21 14:33:25,3,4440,Credit Card,Returned
O3704,C2371,P1326,2025-01-20 15:21:15,2,4109,Wallet,Returned
O3705,C2765,P1901,2024-11-29 04:50:37,3,6728,Debit Card,Cancelled
O3706,C2601,P1996,2025-03-02 16:42:47,2,2269,Net Banking,Cancelled
O3707,C2533,P1423,2024-11-05 03:25:49,2,2272,Wallet,Returned
O3708,C2988,P1984,2024-11-06 03:41:59,4,5768,Credit Card,Delivered
O3709,C2461,P1421,2025-06-18 08:46:27,2,6413,Net Banking,Returned
O3710,C2423,P1310,2025-05-19 17:07:57,4,8415,Wallet,Delivered
O3711,C2171,P1453,2025-07-12 03:58:33,2,8136,Credit Card,Cancelled
O3712,C2188,P1763,2024-10-27 22:23:43,1,6889,Wallet,Cancelled
O3713,C2874,P1956,2025-08-13 11:29:24,2,885,Debit Card,Cancelled
O3714,C2023,P1841,2025-01-31 06:44:21,1,6239,Debit Card,Returned
O3715,C2128,P1915,2025-01-14 07:56:11,1,6444,Credit Card,Cancelled
O3716,C2745,P1652,2025-02-16 17:39:23,2,2516,Debit Card,Returned
O3717,C2240,P1955,2025-02-04 03:38:46,1,9088,Credit Card,Returned
O3718,C2677,P1756,2025-05-24 04:51:02,4,4254,COD,Cancelled
O3719,C2257,P1280,2025-03-30 13:51:27,3,5719,Debit Card,Cancelled
O3720,C2963,P1155,2025-06-01 06:40:03,2,2036,Wallet,Cancelled
O3721,C2761,P1797,2024-12-25 21:27:52,1,3907,Wallet,Delivered
O3722,C2717,P1192,2025-03-01 06:34:26,2,7251,Credit Card,Delivered
O3723,C2767,P1109,2025-05-25 14:24:02,4,9593,COD,Returned
O3724,C2081,P1134,2024-11-27 08:14:56,2,3336,Net Banking,Delivered
O3725,C2215,P1189,2025-08-09 04:32:39,2,2452,Wallet,Delivered
O3726,C2170,P1026,2025-05-14 16:47:10,1,2032,COD,Cancelled
O3727,C2406,P1780,2024-11-05 17:42:27,4,8656,Wallet,Cancelled
O3728,C2105,P1626,2024-11-29 09:01:10,3,5016,Credit Card,Returned
O3729,C2097,P1631,2025-02-08 05:23:11,3,5598,Credit Card,Returned
O3730,C2065,P1273,2025-01-25 05:32:09,1,1046,Net Banking,Delivered
O3731,C2959,P1620,2024-11-22 01:58:12,2,9669,Credit Card,Returned
O3732,C2899,P1580,2025-08-13 22:12:30,1,1539,Net Banking,Cancelled
O3733,C2484,P1627,2025-05-26 15:54:49,1,7830,Credit Card,Cancelled
O3734,C2561,P1236,2025-08-09 07:52:29,1,4957,Wallet,Delivered
O3735,C2055,P1610,2025-05-25 06:47:35,2,440,Credit Card,Cancelled
O3736,C2026,P1237,2024-12-13 08:26:35,4,482,Debit Card,Cancelled
O3737,C2789,P1236,2025-03-19 07:59:59,1,9848,COD,Cancelled
O3738,C2406,P1703,2025-03-18 22:40:51,2,8591,Wallet,Cancelled
O3739,C2536,P1026,2024-12-25 10:35:09,4,238,COD,Cancelled
O3740,C2783,P1367,2025-02-26 23:00:49,1,458,Debit Card,Delivered
O3741,C2085,P1081,2024-09-29 01:46:09,3,5031,COD,Returned
O3742,C2106,P1704,2024-12-16 23:31:26,4,9814,Debit Card,Delivered
O3743,C2268,P1798,2024-09-11 06:10:25,1,3556,Credit Card,Delivered
O3744,C2632,P1488,2025-02-25 08:15:49,4,1727,Credit Card,Delivered
O3745,C2159,P1137,2025-03-09 02:34:43,4,9595,Debit Card,Returned
O3746,C2086,P1514,2024-11-10 15:59:00,4,6726,Wallet,Cancelled
O3747,C2670,P1866,2024-10-03 22:00:32,4,5104,Credit Card,Returned
O3748,C2953,P1619,2025-07-10 12:47:17,4,9426,Wallet,Delivered
O3749,C2906,P1480,2025-08-21 07:10:01,4,6752,COD,Returned
O3750,C2399,P1729,2025-07-30 20:13:51,1,6516,Credit Card,Delivered
O3751,C2316,P1665,2024-10-03 05:07:02,3,3270,Debit Card,Cancelled
O3752,C2234,P1382,2025-06-27 16:33:53,2,3935,Debit Card,Delivered
O3753,C2253,P1188,2025-03-07 05:30:51,4,8117,Credit Card,Cancelled
O3754,C2755,P1872,2025-04-01 16:20:20,2,2251,Debit Card,Delivered
O3755,C2290,P1396,2024-12-31 08:01:53,1,9529,Credit Card,Delivered
O3756,C2453,P1503,2024-11-28 05:36:07,4,7005,Net Banking,Returned
O3757,C2641,P1485,2025-02-17 14:53:04,3,2934,Credit Card,Cancelled
O3758,C2129,P1140,2024-10-22 22:49:58,2,9290,Wallet,Delivered
O3759,C2134,P1167,2025-08-18 08:02:58,4,2667,COD,Cancelled
O3760,C2539,P1197,2024-12-30 14:40:02,1,1407,Debit Card,Returned
O3761,C2858,P1231,2024-11-03 17:04:32,3,8948,COD,Cancelled
O3762,C2174,P1033,2024-12-29 03:35:11,2,2760,Credit Card,Returned
O3763,C2029,P1418,2024-12-27 13:12:11,2,3830,Credit Card,Returned
O3764,C2035,P1782,2024-11-17 19:59:46,4,6307,Credit Card,Cancelled
O3765,C2679,P1992,2025-02-22 13:42:13,3,3262,Wallet,Cancelled
O3766,C2365,P1015,2025-07-05 17:46:31,3,1240,COD,Delivered
O3767,C2881,P1947,2024-09-15 10:00:00,3,8558,COD,Returned
O3768,C2937,P1276,2025-03-12 20:32:12,3,1808,Debit Card,Cancelled
O3769,C2333,P1973,2025-07-12 04:53:12,1,3730,Credit Card,Returned
O3770,C2884,P1422,2025-07-03 05:56:04,3,3311,Debit Card,Delivered
O3771,C2487,P1227,2025-04-03 17:50:06,2,6638,Wallet,Cancelled
O3772,C2478,P1760,2024-10-05 10:16:13,2,9802,Net Banking,Cancelled
O3773,C2998,P1687,2025-04-25 20:06:28,1,575,Wallet,Returned
O3774,C2891,P1207,2025-03-05 13:15:44,2,7784,Net Banking,Cancelled
O3775,C2553,P1775,2025-01-23 03:48:29,2,9268,Credit Card,Cancelled
O3776,C2957,P1209,2025-01-05 19:39:55,3,1307,COD,Returned
O3777,C2278,P1067,2025-05-18 06:31:19,2,2060,COD,Delivered
O3778,C2561,P1181,2024-12-06 04:27:03,1,657,Debit Card,Cancelled
O3779,C2455,P1949,2025-03-03 13:51:27,3,982,Net Banking,Delivered
O3780,C2138,P1977,2024-11-27 02:25:26,4,4861,Debit Card,Returned
O3781,C2992,P1449,2025-06-04 10:19:03,3,5967,Credit Card,Returned
O3782,C2971,P1887,2025-08-11 13:19:18,1,7063,COD,Delivered
O3783,C2714,P1631,2024-12-26 02:35:59,3,7266,Debit Card,Cancelled
O3784,C2552,P1501,2025-08-02 02:05:06,3,8029,Net Banking,Cancelled
O3785,C2181,P1704,2025-03-14 06:06:10,1,5447,Credit Card,Returned
O3786,C2605,P1332,2025-02-08 18:17:06,3,7369,Credit Card,Returned
O3787,C2611,P1887,2024-12-23 18:53:56,1,9902,Net Banking,Cancelled
O3788,C2467,P1468,2024-11-11 09:15:22,1,8225,Debit Card,Delivered
O3789,C2646,P1908,2025-03-15 14:51:57,4,2554,Wallet,Returned
O3790,C2766,P1252,2024-12-04 17:29:51,2,4594,Debit Card,Cancelled
O3791,C2651,P1437,2025-02-27 05:20:15,2,2046,Net Banking,Cancelled
O3792,C2898,P1414,2025-08-27 11:05:05,3,2908,COD,Cancelled
O3793,C2577,P1794,2024-10-31 21:51:47,3,6742,Debit Card,Delivered
O3794,C2445,P1042,2024-09-16 17:29:12,4,3925,Wallet,Cancelled
O3795,C2536,P1622,2025-07-10 09:11:49,4,3636,Debit Card,Returned
O3796,C2655,P1752,2024-12-10 02:38:18,4,6168,COD,Delivered
O3797,C2654,P1844,2025-05-18 15:33:58,1,3902,Credit Card,Returned
O3798,C2546,P1389,2025-03-17 18:37:00,4,4799,Debit Card,Delivered
O3799,C2317,P1737,2025-02-06 10:14:14,4,2070,Credit Card,Cancelled
O3800,C2930,P1320,2024-12-04 01:43:11,3,5906,COD,Cancelled
O3801,C2355,P1403,2025-04-12 08:19:38,4,6242,Wallet,Delivered
O3802,C2493,P1626,2025-03-27 00:24:13,1,2919,Debit Card,Cancelled
O3803,C2552,P1961,2025-05-17 08:30:39,1,9194,Credit Card,Returned
O3804,C2232,P1760,2025-09-07 18:57:58,3,464,Wallet,Cancelled
O3805,C2824,P1585,2024-11-05 06:18:19,4,4358,Credit Card,Delivered
O3806,C2091,P1608,2024-10-22 17:18:51,4,3219,Credit Card,Returned
O3807,C2452,P1549,2024-12-23 00:35:45,1,1963,Credit Card,Returned
O3808,C2315,P1537,2025-06-17 04:08:44,4,215,Debit Card,Delivered
O3809,C2374,P1656,2025-02-01 02:06:02,4,7184,Credit Card,Returned
O3810,C2422,P1896,2025-03-31 19:19:56,4,8116,COD,Returned
O3811,C2266,P1721,2024-12-18 00:41:20,2,2484,Net Banking,Delivered
O3812,C2159,P1805,2025-06-05 00:05:02,3,4035,Wallet,Returned
O3813,C2310,P1039,2024-10-18 10:52:54,2,7842,Wallet,Cancelled
O3814,C2010,P1533,2024-12-24 15:08:56,3,5542,Debit Card,Cancelled
O3815,C2000,P1111,2025-08-10 20:07:17,1,2590,Debit Card,Delivered
O3816,C2535,P1462,2025-05-23 17:25:11,4,7080,Debit Card,Returned
O3817,C2834,P1467,2025-03-29 15:37:26,3,9234,Net Banking,Returned
O3818,C2776,P1846,2025-07-17 13:11:47,2,7761,COD,Cancelled
O3819,C2868,P1898,2025-01-08 13:06:37,4,1824,Wallet,Cancelled
O3820,C2139,P1043,2025-06-26 22:39:22,1,8282,Wallet,Delivered
O3821,C2352,P1898,2025-02-13 20:34:14,3,2867,Debit Card,Cancelled
O3822,C2293,P1251,2024-09-17 22:52:56,3,1237,Debit Card,Delivered
O3823,C2480,P1531,2024-10-04 12:34:43,3,4217,COD,Returned
O3824,C2547,P1550,2025-04-18 07:57:08,4,3520,Credit Card,Cancelled
O3825,C2008,P1405,2025-08-19 16:41:26,2,5945,COD,Returned
O3826,C2704,P1752,2024-10-21 16:05:58,2,4878,Debit Card,Cancelled
O3827,C2944,P1040,2024-12-12 18:03:49,3,4006,Wallet,Cancelled
O3828,C2503,P1571,2025-08-25 02:52:23,1,3737,COD,Returned
O3829,C2969,P1396,2024-12-28 21:41:16,1,3053,Credit Card,Returned
O3830,C2773,P1528,2024-12-16 23:24:26,2,6029,Net Banking,Cancelled
O3831,C2488,P1783,2025-07-21 12:43:20,1,376,Net Banking,Delivered
O3832,C2306,P1645,2024-12-13 22:39:48,2,2099,Wallet,Cancelled
O3833,C2009,P1985,2025-07-01 08:17:47,3,1327,Credit Card,Cancelled
O3834,C2784,P1050,2025-05-27 16:03:12,2,6437,COD,Cancelled
O3835,C2440,P1194,2025-09-06 18:41:21,2,3835,Debit Card,Returned
O3836,C2817,P1298,2025-04-13 23:34:58,3,795,Debit Card,Returned
O3837,C2299,P1450,2025-08-08 10:46:41,1,9601,Credit Card,Cancelled
O3838,C2611,P1407,2025-05-06 08:47:18,2,4252,COD,Returned
O3839,C2236,P1905,2025-04-21 03:36:00,2,8001,Credit Card,Returned
O3840,C2815,P1311,2025-07-17 08:50:47,3,7570,COD,Delivered
O3841,C2007,P1792,2025-09-04 01:59:42,1,7637,Net Banking,Delivered
O3842,C2561,P1847,2025-04-03 20:52:57,2,2941,COD,Returned
O3843,C2382,P1292,2025-09-03 01:43:53,3,4308,COD,Returned
O3844,C2193,P1472,2024-11-20 02:52:06,2,8833,Debit Card,Returned
O3845,C2421,P1170,2025-05-11 18:34:50,4,1188,Wallet,Delivered
O3846,C2903,P1432,2025-03-22 02:23:39,3,3463,Debit Card,Returned
O3847,C2574,P1301,2025-04-03 06:02:55,1,124,Net Banking,Cancelled
O3848,C2447,P1627,2024-09-11 09:05:42,1,9864,Credit Card,Delivered
O3849,C2404,P1941,2024-11-06 23:21:17,1,6244,Debit Card,Returned
O3850,C2255,P1055,2024-09-17 16:04:57,1,5768,Credit Card,Returned
O3851,C2167,P1706,2025-01-15 05:02:54,2,4336,Debit Card,Cancelled
O3852,C2732,P1529,2025-07-05 12:33:06,2,8168,Wallet,Cancelled
O3853,C2754,P1925,2025-06-04 21:33:59,1,2335,Wallet,Returned
O3854,C2661,P1145,2025-07-05 23:40:30,1,7395,Debit Card,Returned
O3855,C2399,P1474,2025-04-13 04:08:29,1,8492,Debit Card,Returned
O3856,C2848,P1849,2025-02-20 01:48:28,2,8548,Credit Card,Cancelled
O3857,C2387,P1661,2025-04-18 15:21:51,1,3847,Credit Card,Returned
O3858,C2225,P1462,2025-01-20 14:47:18,1,3275,Net Banking,Returned
O3859,C2269,P1092,2024-09-10 15:17:22,4,4997,Net Banking,Returned
O3860,C2081,P1739,2025-03-15 21:06:03,4,5137,Debit Card,Delivered
O3861,C2432,P1512,2024-11-24 04:28:25,1,7527,Wallet,Returned
O3862,C2640,P1115,2024-11-21 20:06:32,3,8705,Net Banking,Delivered
O3863,C2245,P1184,2024-10-22 04:39:18,1,2114,Net Banking,Cancelled
O3864,C2529,P1797,2025-06-21 14:10:48,4,1481,COD,Cancelled
O3865,C2782,P1599,2025-01-07 00:57:15,3,1198,Wallet,Delivered
O3866,C2819,P1960,2025-06-17 00:46:20,3,3526,Credit Card,Delivered
O3867,C2931,P1915,2025-07-03 20:11:05,1,3755,Credit Card,Delivered
O3868,C2627,P1712,2025-02-22 01:33:12,4,8038,Credit Card,Returned
O3869,C2826,P1559,2024-12-16 14:43:45,4,9201,COD,Returned
O3870,C2710,P1138,2025-06-07 09:07:04,3,287,Debit Card,Cancelled
O3871,C2701,P1402,2025-07-19 13:01:43,1,5509,Debit Card,Cancelled
O3872,C2278,P1423,2024-12-24 16:21:20,2,2192,Credit Card,Cancelled
O3873,C2291,P1331,2025-04-25 17:23:07,2,2230,Wallet,Cancelled
O3874,C2664,P1461,2024-11-26 12:50:28,4,5342,COD,Delivered
O3875,C2760,P1025,2025-05-12 06:57:21,2,8649,Credit Card,Returned
O3876,C2544,P1183,2025-02-13 04:09:23,4,5747,Credit Card,Delivered
O3877,C2828,P1464,2025-05-28 05:00:11,4,5285,Debit Card,Cancelled
O3878,C2275,P1604,2025-08-03 00:50:48,4,5876,Wallet,Cancelled
O3879,C2422,P1918,2025-05-01 16:44:13,2,8013,COD,Cancelled
O3880,C2192,P1729,2025-04-17 13:52:06,4,7647,COD,Returned
O3881,C2873,P1917,2025-04-17 02:44:34,3,7923,Net Banking,Delivered
O3882,C2070,P1206,2025-01-26 16:06:33,1,7455,Wallet,Cancelled
O3883,C2186,P1903,2024-10-17 09:17:59,1,6565,Debit Card,Returned
O3884,C2139,P1465,2025-02-04 14:48:06,4,1597,Net Banking,Returned
O3885,C2296,P1092,2025-03-12 07:40:44,1,2655,Debit Card,Delivered
O3886,C2113,P1256,2025-05-10 15:32:59,2,5509,Credit Card,Cancelled
O3887,C2652,P1331,2024-11-25 07:02:02,2,3051,Net Banking,Delivered
O3888,C2466,P1708,2025-08-21 19:28:26,1,1338,Debit Card,Delivered
O3889,C2632,P1664,2024-12-14 04:09:41,2,9265,Credit Card,Delivered
O3890,C2463,P1928,2025-01-14 04:14:25,1,4827,Debit Card,Delivered
O3891,C2278,P1728,2024-09-27 20:35:44,1,4065,Wallet,Delivered
O3892,C2717,P1815,2025-08-09 04:55:08,1,5786,Debit Card,Delivered
O3893,C2637,P1167,2025-01-18 14:48:10,4,9342,Wallet,Cancelled
O3894,C2503,P1735,2025-01-26 16:02:43,1,3801,Debit Card,Cancelled
O3895,C2192,P1750,2025-03-12 03:17:32,4,2880,Credit Card,Cancelled
O3896,C2328,P1126,2025-07-01 19:23:04,1,7498,Wallet,Returned
O3897,C2019,P1093,2024-12-12 17:31:02,1,1688,COD,Cancelled
O3898,C2155,P1116,2025-04-04 20:48:20,1,2468,Wallet,Cancelled
O3899,C2050,P1723,2025-01-17 13:27:42,2,5889,Credit Card,Returned
O3900,C2992,P1460,2025-03-20 14:10:22,4,536,Wallet,Delivered
O3901,C2547,P1649,2024-12-07 10:51:15,4,2928,Debit Card,Delivered
O3902,C2022,P1371,2025-02-24 09:14:23,1,1656,Debit Card,Delivered
O3903,C2190,P1087,2025-04-16 11:57:12,1,7670,COD,Cancelled
O3904,C2995,P1536,2024-09-16 10:49:41,2,7580,Wallet,Delivered
O3905,C2104,P1724,2025-06-04 22:25:10,2,9596,Debit Card,Delivered
O3906,C2288,P1393,2024-10-09 16:32:54,2,282,Wallet,Cancelled
O3907,C2275,P1744,2024-10-20 03:29:58,4,7290,Net Banking,Cancelled
O3908,C2128,P1810,2025-04-17 13:20:23,4,6787,Debit Card,Returned
O3909,C2732,P1998,2025-08-24 00:18:20,4,5665,Wallet,Returned
O3910,C2448,P1523,2024-11-02 06:34:10,1,7341,Debit Card,Delivered
O3911,C2744,P1626,2024-12-08 21:35:24,4,7751,Net Banking,Returned
O3912,C2008,P1972,2025-02-16 14:00:25,3,5675,Net Banking,Delivered
O3913,C2238,P1163,2025-08-12 14:31:21,3,1689,Debit Card,Returned
O3914,C2092,P1387,2024-09-27 02:38:15,2,9879,Net Banking,Cancelled
O3915,C2154,P1563,2024-11-28 16:02:10,4,8951,Debit Card,Delivered
O3916,C2015,P1389,2025-03-10 11:12:16,3,259,Credit Card,Delivered
O3917,C2505,P1044,2025-02-17 05:08:57,2,6655,COD,Delivered
O3918,C2222,P1786,2025-04-05 20:03:29,4,9303,Credit Card,Cancelled
O3919,C2350,P1174,2025-06-23 22:04:15,1,8344,Net Banking,Returned
O3920,C2430,P1934,2024-10-08 06:23:40,3,6946,Debit Card,Cancelled
O3921,C2319,P1343,2024-10-19 22:07:09,1,2407,Credit Card,Delivered
O3922,C2804,P1579,2025-06-01 12:41:27,4,1328,Wallet,Cancelled
O3923,C2818,P1892,2025-04-11 02:42:05,3,7326,Wallet,Cancelled
O3924,C2510,P1675,2025-02-28 10:42:55,4,5690,Wallet,Returned
O3925,C2380,P1883,2025-06-16 01:56:19,1,7019,Debit Card,Returned
O3926,C2474,P1153,2024-11-01 18:41:25,3,5685,Net Banking,Delivered
O3927,C2713,P1166,2024-12-04 19:02:58,1,9327,Debit Card,Cancelled
O3928,C2810,P1889,2025-06-23 16:33:48,4,6146,Net Banking,Returned
O3929,C2032,P1148,2024-12-02 09:16:33,4,5045,COD,Delivered
O3930,C2338,P1183,2024-12-03 21:58:08,1,8027,Debit Card,Delivered
O3931,C2082,P1787,2025-02-01 02:30:02,3,7116,COD,Delivered
O3932,C2863,P1729,2024-10-17 16:26:30,1,7858,Debit Card,Returned
O3933,C2768,P1052,2024-09-24 06:57:40,4,5186,COD,Returned
O3934,C2974,P1429,2024-12-18 16:01:29,1,9556,COD,Returned
O3935,C2149,P1315,2024-09-14 14:42:29,4,7261,Debit Card,Delivered
O3936,C2057,P1316,2025-09-01 15:57:11,1,1984,Credit Card,Returned
O3937,C2272,P1747,2025-04-26 05:34:12,3,1909,Wallet,Returned
O3938,C2794,P1787,2025-02-15 23:07:15,3,3267,COD,Returned
O3939,C2401,P1984,2024-10-26 18:44:37,1,6452,Wallet,Returned
O3940,C2073,P1456,2024-12-27 23:17:44,1,9109,Debit Card,Cancelled
O3941,C2556,P1295,2025-05-17 19:03:00,3,6156,COD,Cancelled
O3942,C2481,P1641,2025-04-26 16:04:14,4,2537,Wallet,Delivered
O3943,C2185,P1185,2025-08-21 15:13:42,3,6568,Wallet,Delivered
O3944,C2196,P1120,2025-03-03 18:27:37,4,9180,Net Banking,Returned
O3945,C2917,P1920,2025-08-22 21:59:51,1,6051,Credit Card,Delivered
O3946,C2861,P1134,2024-11-30 06:29:05,1,5376,Wallet,Cancelled
O3947,C2256,P1983,2024-10-16 09:00:03,4,8959,Debit Card,Cancelled
O3948,C2836,P1207,2025-01-20 10:17:45,1,7918,Debit Card,Returned
O3949,C2390,P1003,2025-09-03 17:56:47,4,4828,Net Banking,Returned
O3950,C2848,P1637,2024-12-10 23:58:09,2,2724,Wallet,Cancelled
O3951,C2012,P1783,2025-05-05 15:49:26,3,5838,COD,Returned
O3952,C2124,P1259,2024-10-26 04:46:41,2,4332,Debit Card,Returned
O3953,C2997,P1012,2024-10-16 09:15:16,4,5893,COD,Delivered
O3954,C2786,P1469,2025-07-19 20:41:45,3,4623,Debit Card,Cancelled
O3955,C2731,P1509,2024-12-16 06:47:49,4,5671,COD,Delivered
O3956,C2254,P1875,2025-07-14 07:15:31,3,9110,Credit Card,Delivered
O3957,C2394,P1510,2025-04-30 10:27:20,3,9398,Wallet,Delivered
O3958,C2789,P1556,2025-04-06 13:51:51,3,2324,Credit Card,Delivered
O3959,C2998,P1826,2025-06-26 22:47:39,3,8489,Credit Card,Delivered
O3960,C2453,P1005,2025-05-12 09:22:43,4,6191,Wallet,Cancelled
O3961,C2253,P1622,2025-09-09 11:00:10,3,8762,COD,Cancelled
O3962,C2755,P1903,2025-07-02 13:52:43,3,6461,Credit Card,Cancelled
O3963,C2034,P1505,2024-12-12 17:55:00,2,2048,Wallet,Cancelled
O3964,C2203,P1243,2024-09-27 05:22:33,1,7194,COD,Returned
O3965,C2471,P1222,2025-03-13 22:26:03,1,6418,Wallet,Delivered
O3966,C2752,P1602,2025-06-04 15:35:28,2,3896,Wallet,Cancelled
O3967,C2789,P1675,2024-12-26 16:15:48,2,334,Credit Card,Returned
O3968,C2096,P1487,2025-04-08 04:51:45,4,9220,Wallet,Cancelled
O3969,C2533,P1464,2024-11-13 22:34:52,4,3707,Wallet,Returned
O3970,C2681,P1419,2025-05-23 08:07:44,4,8143,Debit Card,Delivered
O3971,C2213,P1452,2025-07-01 04:28:13,2,622,Credit Card,Cancelled
O3972,C2484,P1081,2025-06-07 07:38:40,2,6004,COD,Returned
O3973,C2398,P1615,2025-06-20 01:19:22,3,4988,Credit Card,Cancelled
O3974,C2697,P1614,2024-09-12 12:55:28,4,9921,Wallet,Cancelled
O3975,C2984,P1006,2025-09-04 18:44:57,4,5932,Debit Card,Returned
O3976,C2319,P1250,2025-08-03 02:07:18,4,7222,Debit Card,Delivered
O3977,C2958,P1903,2025-03-19 04:36:29,1,5942,Net Banking,Cancelled
O3978,C2330,P1560,2025-07-24 09:16:41,3,1416,Net Banking,Delivered
O3979,C2162,P1284,2024-12-03 02:17:04,4,1224,Debit Card,Cancelled
O3980,C2644,P1634,2025-07-16 02:20:45,4,5721,Credit Card,Cancelled
O3981,C2745,P1643,2025-02-17 00:00:52,4,5523,Credit Card,Returned
O3982,C2043,P1570,2025-08-20 17:28:49,1,2687,Wallet,Cancelled
O3983,C2762,P1839,2025-01-16 12:26:06,1,9315,Net Banking,Cancelled
O3984,C2959,P1845,2024-10-18 22:36:58,2,5772,Debit Card,Delivered
O3985,C2562,P1212,2024-10-14 12:30:55,3,1478,Wallet,Returned
O3986,C2533,P1050,2025-03-24 16:30:18,2,3474,COD,Returned
O3987,C2125,P1189,2025-04-24 10:30:16,3,1619,COD,Delivered
O3988,C2259,P1151,2024-12-08 03:10:47,1,5877,Credit Card,Returned
O3989,C2492,P1056,2025-09-04 05:32:25,4,8035,Wallet,Returned
O3990,C2653,P1668,2025-04-21 15:21:16,2,6193,Wallet,Delivered
O3991,C2305,P1357,2024-12-26 21:44:53,4,8518,Debit Card,Returned
O3992,C2203,P1037,2024-09-10 02:32:33,2,5455,Wallet,Returned
O3993,C2369,P1148,2025-02-22 22:35:25,1,5068,Debit Card,Delivered
O3994,C2908,P1874,2025-06-07 12:24:00,1,9183,Net Banking,Cancelled
O3995,C2053,P1033,2025-01-23 14:12:30,1,5674,Wallet,Returned
O3996,C2884,P1683,2025-09-08 01:17:27,2,4172,Credit Card,Cancelled
O3997,C2682,P1591,2025-01-26 16:13:21,3,2357,Credit Card,Cancelled
O3998,C2223,P1858,2025-06-29 15:11:48,2,8688,Wallet,Returned
O3999,C2996,P1617,2025-03-04 17:56:18,3,4524,Net Banking,Returned
