shipment_id,origin_warehouse,destination_city,ship_date,delivery_date,product_id,quantity,freight_cost
S00001,W005,Brookefort,2025-07-25,2025-08-01,P0079,126,69.49
S00002,W001,South Sherriburgh,2025-07-06,2025-07-16,P0023,50,403.47
S00003,W008,Mooreville,2025-05-14,2025-05-24,P0015,28,452.79
S00004,W008,East Robert,2025-06-26,2025-07-03,P0054,60,386.19
S00005,W006,Donnaport,2025-04-26,2025-05-01,P0100,38,196.76
S00006,W002,North Philipside,2025-06-14,2025-06-19,P0095,115,441.45
S00007,W007,North Michael,2025-06-02,2025-06-07,P0010,130,313.29
S00008,W001,West Madisonfort,2025-04-18,2025-04-26,P0019,65,467.55
S00009,W008,North Jamieport,2025-03-26,2025-03-30,P0050,105,111.38
S00010,W004,Anthonyport,2025-05-27,2025-06-03,P0035,61,201.15
S00011,W001,Burnsview,2025-03-28,2025-03-30,P0036,44,100.0
S00012,W008,Lopezfurt,2025-05-21,2025-05-30,P0054,53,392.15
S00013,W004,South Bradley,2025-06-04,2025-06-10,P0078,50,405.3
S00014,W010,Bakerview,2025-06-28,2025-07-02,P0074,151,434.75
S00015,W002,East Karenville,2025-03-27,2025-04-04,P0067,135,437.99
S00016,W004,Lindseychester,2025-08-04,2025-08-13,P0060,81,56.53
S00017,W007,New Bruce,2025-05-25,2025-05-30,P0032,93,245.41
S00018,W004,Sheppardfort,2025-06-30,2025-07-04,P0074,11,238.0
S00019,W001,South Kent,2025-05-26,2025-05-28,P0061,197,395.87
S00020,W001,New Ashleyhaven,2025-06-29,2025-07-07,P0068,110,265.67
S00021,W002,North Stacy,2025-06-06,2025-06-15,P0064,71,87.39
S00022,W001,East Teresa,2025-04-17,2025-04-25,P0028,43,211.28
S00023,W004,North Rodney,2025-07-21,2025-07-24,P0003,132,351.07
S00024,W003,Harrisberg,2025-07-04,2025-07-13,P0074,159,60.99
S00025,W008,Luisland,2025-03-27,2025-04-05,P0099,45,443.39
S00026,W007,Hawkinsside,2025-05-13,2025-05-17,P0048,170,258.93
S00027,W001,Apriltown,2025-07-25,2025-07-28,P0050,186,199.81
S00028,W001,Rodriguezberg,2025-04-08,2025-04-14,P0055,79,364.12
S00029,W010,North Annaville,2025-05-05,2025-05-15,P0074,63,404.46
S00030,W002,Natalieview,2025-05-24,2025-05-31,P0095,24,281.63
S00031,W006,Armstrongfort,2025-03-18,2025-03-20,P0015,108,214.52
S00032,W010,West Richard,2025-07-09,2025-07-11,P0047,103,128.87
S00033,W009,Williamsmouth,2025-07-23,2025-07-26,P0072,191,398.11
S00034,W003,North Julie,2025-05-02,2025-05-09,P0031,148,101.1
S00035,W008,Andrewport,2025-05-10,2025-05-15,P0097,200,392.4
S00036,W006,Meganville,2025-04-24,2025-05-01,P0035,138,356.1
S00037,W005,West Terri,2025-06-05,2025-06-07,P0009,105,205.35
S00038,W008,Josephchester,2025-07-06,2025-07-16,P0068,41,261.57
S00039,W009,East Scottchester,2025-08-01,2025-08-11,P0038,125,329.43
S00040,W002,Malonestad,2025-03-21,2025-03-26,P0059,32,86.08
S00041,W003,North Larry,2025-06-17,2025-06-23,P0010,37,124.14
S00042,W002,Taylorhaven,2025-06-29,2025-07-03,P0064,48,443.75
S00043,W009,East Jamesborough,2025-03-22,2025-03-24,P0038,116,486.31
S00044,W009,North Stephen,2025-05-19,2025-05-23,P0061,98,239.06
S00045,W001,West Micheal,2025-06-09,2025-06-15,P0025,26,59.92
S00046,W004,Reidville,2025-07-21,2025-07-31,P0083,95,235.26
S00047,W006,East Nathanmouth,2025-04-14,2025-04-21,P0063,161,349.63
S00048,W009,Matthewsstad,2025-05-16,2025-05-26,P0057,127,186.84
S00049,W003,Port Patricia,2025-08-03,2025-08-09,P0022,76,152.05
S00050,W006,West Anthonyton,2025-04-11,2025-04-17,P0099,22,116.75
S00051,W005,Port Jeffrey,2025-04-23,2025-05-02,P0022,168,465.86
S00052,W009,West Denise,2025-06-18,2025-06-24,P0024,54,427.7
S00053,W003,Port Kimberlytown,2025-06-11,2025-06-15,P0031,39,68.52
S00054,W006,Lake Glen,2025-03-12,2025-03-16,P0057,76,216.35
S00055,W004,West Charlene,2025-05-09,2025-05-19,P0091,18,349.5
S00056,W006,Rodneyfurt,2025-05-17,2025-05-21,P0048,124,292.94
S00057,W003,Kingmouth,2025-05-08,2025-05-18,P0039,41,464.2
S00058,W007,Silvatown,2025-06-18,2025-06-27,P0099,47,476.51
S00059,W006,Annaport,2025-05-07,2025-05-11,P0001,199,295.77
S00060,W009,South Calebview,2025-07-13,2025-07-20,P0083,190,183.0
S00061,W005,Michelleview,2025-07-16,2025-07-20,P0073,196,458.1
S00062,W008,Jacobhaven,2025-08-06,2025-08-13,P0089,38,379.24
S00063,W001,North Linda,2025-07-05,2025-07-09,P0087,151,102.59
S00064,W001,Guerreroberg,2025-07-29,2025-08-06,P0080,66,250.69
S00065,W002,Lake Tylerport,2025-04-30,2025-05-07,P0008,165,338.59
S00066,W010,Sullivanton,2025-07-02,2025-07-12,P0029,81,138.07
S00067,W002,West Jessica,2025-04-23,2025-05-03,P0058,183,352.2
S00068,W002,Knoxstad,2025-06-17,2025-06-27,P0051,59,270.71
S00069,W010,Meganside,2025-04-15,2025-04-25,P0008,180,212.48
S00070,W003,Connorberg,2025-08-01,2025-08-09,P0048,108,217.77
S00071,W005,Jessicaside,2025-08-06,2025-08-13,P0045,88,489.89
S00072,W009,Lake Rachel,2025-07-16,2025-07-19,P0028,196,449.51
S00073,W007,East Michaelport,2025-05-31,2025-06-09,P0037,51,412.55
S00074,W007,Nathanshire,2025-05-07,2025-05-15,P0018,160,319.07
S00075,W003,Yorkfort,2025-03-21,2025-03-26,P0039,131,494.77
S00076,W009,South Pamelahaven,2025-04-03,2025-04-10,P0009,161,390.25
S00077,W002,Morenochester,2025-03-21,2025-03-23,P0053,173,461.48
S00078,W007,East Victoria,2025-05-16,2025-05-20,P0072,128,369.61
S00079,W003,Benitezmouth,2025-04-07,2025-04-12,P0024,107,180.26
S00080,W008,Michelleburgh,2025-08-09,2025-08-11,P0039,159,186.76
S00081,W009,South Marvinburgh,2025-05-10,2025-05-19,P0029,16,406.05
S00082,W003,North Shannonborough,2025-08-05,2025-08-11,P0039,173,425.41
S00083,W008,New Kathy,2025-06-14,2025-06-17,P0084,180,451.71
S00084,W007,East Christinachester,2025-05-28,2025-06-01,P0063,186,340.15
S00085,W001,Sanfordfurt,2025-03-11,2025-03-14,P0098,80,271.87
S00086,W002,New Jamesstad,2025-03-13,2025-03-20,P0075,133,304.51
S00087,W005,Katherinehaven,2025-04-17,2025-04-26,P0089,40,217.94
S00088,W010,Lake Adambury,2025-04-23,2025-04-25,P0034,51,311.74
S00089,W003,Larryville,2025-05-24,2025-05-31,P0060,187,110.97
S00090,W003,Garyton,2025-05-07,2025-05-09,P0035,102,238.78
S00091,W006,Stephenhaven,2025-07-04,2025-07-06,P0038,84,288.33
S00092,W002,Ryanberg,2025-05-16,2025-05-26,P0025,170,132.46
S00093,W002,Howardborough,2025-04-12,2025-04-16,P0070,92,442.6
S00094,W005,Smithbury,2025-07-30,2025-08-05,P0088,188,359.76
S00095,W002,East Jessica,2025-07-03,2025-07-13,P0075,100,420.49
S00096,W001,North Michael,2025-07-15,2025-07-19,P0067,82,217.86
S00097,W008,South Nancyview,2025-08-07,2025-08-15,P0044,51,96.09
S00098,W003,New Virginiaville,2025-07-15,2025-07-25,P0029,58,407.8
S00099,W009,North Hannahchester,2025-06-05,2025-06-15,P0069,192,298.0
S00100,W002,Martinezview,2025-06-11,2025-06-19,P0059,29,102.45
S00101,W003,East Heather,2025-07-11,2025-07-13,P0062,99,190.21
S00102,W006,West Robertville,2025-07-17,2025-07-21,P0057,162,285.4
S00103,W006,Cindyberg,2025-05-31,2025-06-04,P0091,87,62.94
S00104,W002,New Jenniferville,2025-05-04,2025-05-09,P0017,187,114.06
S00105,W004,Port Danielborough,2025-07-07,2025-07-13,P0017,63,108.6
S00106,W002,Port Jose,2025-06-20,2025-06-28,P0089,38,84.98
S00107,W008,West Jade,2025-05-07,2025-05-15,P0006,60,98.52
S00108,W009,North Amy,2025-04-20,2025-04-22,P0061,40,458.84
S00109,W001,Riveratown,2025-03-13,2025-03-16,P0039,180,54.62
S00110,W002,North Maryfort,2025-04-08,2025-04-11,P0078,62,314.42
S00111,W004,Port Williamville,2025-04-29,2025-05-03,P0086,99,63.17
S00112,W003,South Vanessa,2025-05-07,2025-05-13,P0075,99,208.49
S00113,W009,Stevenville,2025-04-13,2025-04-18,P0065,155,80.75
S00114,W010,Port Kellymouth,2025-06-01,2025-06-03,P0068,65,372.12
S00115,W005,North Melissaton,2025-03-12,2025-03-16,P0097,147,51.95
S00116,W002,Lake Deborah,2025-05-13,2025-05-18,P0065,191,263.62
S00117,W010,Patriciaview,2025-07-31,2025-08-04,P0057,182,480.99
S00118,W003,West Lisaburgh,2025-04-02,2025-04-09,P0049,118,146.42
S00119,W004,Rossmouth,2025-05-02,2025-05-10,P0015,90,105.63
S00120,W002,Vaughnfort,2025-05-31,2025-06-10,P0018,136,393.02
S00121,W005,North David,2025-07-30,2025-08-09,P0093,20,87.01
S00122,W008,Port Erikchester,2025-07-03,2025-07-06,P0050,82,255.63
S00123,W005,Phammouth,2025-04-15,2025-04-24,P0029,151,233.28
S00124,W007,Maxwelltown,2025-07-21,2025-07-26,P0009,131,472.59
S00125,W006,South Samantha,2025-04-01,2025-04-05,P0002,182,271.24
S00126,W002,Alexanderland,2025-04-30,2025-05-08,P0057,143,346.35
S00127,W002,Alexanderhaven,2025-08-07,2025-08-10,P0019,111,230.28
S00128,W010,Lake Morgan,2025-06-19,2025-06-22,P0095,53,79.12
S00129,W004,South Dorothybury,2025-06-12,2025-06-19,P0026,162,429.81
S00130,W007,Elizabethfurt,2025-04-08,2025-04-11,P0030,118,376.34
S00131,W005,North Dawnburgh,2025-06-17,2025-06-23,P0097,174,474.45
S00132,W006,Christianburgh,2025-03-25,2025-04-03,P0086,164,477.56
S00133,W008,Floresmouth,2025-05-04,2025-05-14,P0036,47,395.6
S00134,W002,New Jeffreyfurt,2025-05-28,2025-05-31,P0033,135,273.77
S00135,W003,North Stephen,2025-06-30,2025-07-02,P0013,198,73.78
S00136,W002,Millerfort,2025-06-05,2025-06-14,P0087,16,487.43
S00137,W007,Davidfort,2025-08-02,2025-08-09,P0020,87,329.89
S00138,W002,North Richardton,2025-06-27,2025-06-30,P0085,143,395.41
S00139,W008,Port Christopherport,2025-06-17,2025-06-22,P0038,179,274.05
S00140,W009,Lake Emily,2025-05-16,2025-05-22,P0070,97,414.27
S00141,W009,Marciabury,2025-06-07,2025-06-17,P0003,18,495.82
S00142,W002,Annfort,2025-07-28,2025-08-05,P0058,90,433.79
S00143,W008,Jenniferville,2025-03-29,2025-04-07,P0005,18,129.59
S00144,W005,North Matthew,2025-07-12,2025-07-16,P0063,120,110.52
S00145,W007,Amystad,2025-07-25,2025-08-03,P0098,38,305.98
S00146,W008,North Pennyfort,2025-04-07,2025-04-17,P0088,148,307.49
S00147,W008,Rodriguezborough,2025-04-16,2025-04-26,P0021,139,75.08
S00148,W005,Port Philipmouth,2025-08-09,2025-08-18,P0076,106,327.62
S00149,W006,Lake Matthew,2025-08-05,2025-08-11,P0042,25,62.67
S00150,W001,Williamsshire,2025-04-03,2025-04-07,P0047,99,414.3
S00151,W010,Ellisshire,2025-06-16,2025-06-18,P0098,170,203.57
S00152,W002,South Adam,2025-07-31,2025-08-08,P0045,101,235.37
S00153,W001,New Savannahshire,2025-06-12,2025-06-17,P0032,70,341.64
S00154,W010,Lake Beth,2025-07-30,2025-08-02,P0089,26,441.02
S00155,W002,North Paul,2025-07-05,2025-07-12,P0022,15,292.29
S00156,W001,Williamfurt,2025-05-31,2025-06-09,P0085,118,305.62
S00157,W007,West Raymond,2025-05-16,2025-05-22,P0003,188,261.36
S00158,W001,Shawnberg,2025-04-06,2025-04-13,P0049,156,225.64
S00159,W010,Morrisonhaven,2025-05-08,2025-05-11,P0063,35,360.89
S00160,W004,Jenniferside,2025-07-11,2025-07-18,P0064,138,415.16
S00161,W006,East Jason,2025-07-27,2025-07-31,P0079,86,213.5
S00162,W007,Glendaberg,2025-07-26,2025-07-31,P0064,172,431.3
S00163,W002,New Amy,2025-07-12,2025-07-22,P0028,83,169.32
S00164,W005,Jenniferstad,2025-06-28,2025-07-06,P0029,169,384.3
S00165,W002,Aguilarchester,2025-07-19,2025-07-22,P0076,96,173.01
S00166,W010,Nataliechester,2025-03-13,2025-03-23,P0061,119,144.38
S00167,W002,North Oscarton,2025-07-19,2025-07-25,P0065,86,244.81
S00168,W009,East Josephburgh,2025-05-05,2025-05-12,P0026,116,231.04
S00169,W010,Dwayneton,2025-07-23,2025-08-02,P0059,181,393.55
S00170,W003,Jamesside,2025-03-17,2025-03-19,P0081,190,282.3
S00171,W003,Lisaville,2025-07-08,2025-07-17,P0028,179,482.95
S00172,W008,Lake Deborah,2025-05-25,2025-05-31,P0082,146,414.02
S00173,W007,New Kristen,2025-07-24,2025-07-26,P0067,61,213.92
S00174,W003,Heatherton,2025-05-24,2025-05-29,P0020,185,394.49
S00175,W007,Butlermouth,2025-06-26,2025-07-04,P0041,26,335.27
S00176,W007,North Juliaborough,2025-07-09,2025-07-15,P0037,175,122.26
S00177,W010,Greerstad,2025-08-04,2025-08-09,P0052,71,101.1
S00178,W004,Port Jenny,2025-04-17,2025-04-19,P0032,89,258.87
S00179,W009,Shaneland,2025-04-16,2025-04-24,P0055,175,457.55
S00180,W004,Lake Willie,2025-05-23,2025-05-27,P0035,44,63.11
S00181,W005,South Joshuaview,2025-04-05,2025-04-15,P0023,174,433.63
S00182,W008,New Meghan,2025-03-12,2025-03-14,P0008,31,191.26
S00183,W005,Stevenberg,2025-03-18,2025-03-21,P0053,103,352.25
S00184,W002,West Candice,2025-08-08,2025-08-16,P0093,45,156.22
S00185,W010,Tracyshire,2025-06-25,2025-07-05,P0016,143,348.9
S00186,W010,Charlesmouth,2025-06-21,2025-07-01,P0033,137,448.05
S00187,W004,East Abigail,2025-06-17,2025-06-20,P0099,90,198.18
S00188,W010,South Amy,2025-05-28,2025-06-05,P0096,200,156.17
S00189,W007,West Jeffreyborough,2025-07-17,2025-07-22,P0019,37,128.82
S00190,W005,Markport,2025-04-22,2025-05-01,P0053,75,438.3
S00191,W001,Barajastown,2025-04-02,2025-04-11,P0069,105,364.83
S00192,W002,Seanbury,2025-03-18,2025-03-25,P0070,118,263.68
S00193,W004,Patrickville,2025-05-24,2025-05-30,P0019,102,263.85
S00194,W006,Amberport,2025-03-15,2025-03-21,P0003,175,485.06
S00195,W010,Williehaven,2025-06-05,2025-06-07,P0095,179,409.52
S00196,W001,Williamsborough,2025-05-12,2025-05-17,P0033,151,223.11
S00197,W006,North Garyside,2025-06-22,2025-06-25,P0069,70,435.94
S00198,W007,Lake Cameronborough,2025-07-22,2025-07-24,P0051,75,185.4
S00199,W004,Houstonborough,2025-06-23,2025-06-29,P0027,51,462.15
S00200,W006,Lucasland,2025-08-03,2025-08-11,P0005,80,439.9
S00201,W008,North Stephen,2025-05-14,2025-05-23,P0095,115,466.92
S00202,W006,North Charlesburgh,2025-04-28,2025-05-06,P0013,51,364.32
S00203,W009,New Lorraineview,2025-05-29,2025-06-01,P0046,117,320.95
S00204,W009,Hayesfurt,2025-06-03,2025-06-10,P0059,187,62.31
S00205,W001,Andreville,2025-06-22,2025-06-26,P0081,123,405.96
S00206,W003,Lake Jenniferland,2025-08-04,2025-08-06,P0052,61,332.73
S00207,W006,Lake Melaniestad,2025-06-16,2025-06-19,P0015,50,162.32
S00208,W003,West Kristinport,2025-07-06,2025-07-14,P0041,125,265.26
S00209,W003,West Kathymouth,2025-05-24,2025-05-30,P0023,185,316.86
S00210,W006,Shorttown,2025-06-11,2025-06-17,P0026,31,236.52
S00211,W003,New Jeffrey,2025-08-03,2025-08-11,P0049,156,151.02
S00212,W001,Roblesside,2025-05-07,2025-05-17,P0083,166,331.98
S00213,W002,West Erica,2025-07-30,2025-08-08,P0026,77,365.57
S00214,W003,Susantown,2025-06-26,2025-06-28,P0052,168,243.01
S00215,W005,North Bobby,2025-06-30,2025-07-04,P0012,104,126.56
S00216,W010,Medinaland,2025-05-09,2025-05-12,P0002,193,286.63
S00217,W008,Lake Judith,2025-07-29,2025-08-07,P0016,67,371.1
S00218,W004,Jasonhaven,2025-04-07,2025-04-13,P0037,136,221.93
S00219,W007,East Jeffrey,2025-04-29,2025-05-04,P0077,65,497.84
S00220,W005,North Howard,2025-06-29,2025-07-04,P0054,56,233.84
S00221,W003,Port Karenside,2025-06-08,2025-06-10,P0038,77,155.97
S00222,W008,West Emilyview,2025-03-30,2025-04-04,P0048,159,357.92
S00223,W008,Lake Beverly,2025-05-14,2025-05-17,P0002,130,109.94
S00224,W006,Davidbury,2025-03-30,2025-04-07,P0088,64,371.0
S00225,W007,Christineborough,2025-05-11,2025-05-17,P0010,34,300.65
S00226,W001,Hayesport,2025-07-23,2025-07-30,P0031,130,458.7
S00227,W010,New Ashley,2025-05-11,2025-05-13,P0001,74,277.04
S00228,W007,Jacksonmouth,2025-04-27,2025-05-03,P0051,181,216.91
S00229,W009,Lake Jodi,2025-06-03,2025-06-05,P0075,55,167.13
S00230,W009,Maryberg,2025-07-20,2025-07-29,P0044,129,109.36
S00231,W006,Nataliemouth,2025-06-05,2025-06-15,P0056,46,167.18
S00232,W006,Kimfort,2025-06-26,2025-06-28,P0017,137,442.26
S00233,W005,East Debbieland,2025-05-04,2025-05-11,P0056,82,456.26
S00234,W005,New James,2025-07-31,2025-08-06,P0067,90,246.1
S00235,W003,Lake Charlestown,2025-06-17,2025-06-24,P0095,135,393.65
S00236,W003,Port Bonniefurt,2025-08-07,2025-08-17,P0085,172,409.2
S00237,W001,North Andrea,2025-06-24,2025-06-29,P0020,23,153.44
S00238,W001,Valdezberg,2025-05-21,2025-05-30,P0034,51,367.68
S00239,W007,Walkershire,2025-07-31,2025-08-03,P0064,20,248.68
S00240,W009,Dennishaven,2025-06-18,2025-06-27,P0059,136,100.62
S00241,W003,South Michaeltown,2025-07-17,2025-07-20,P0045,33,141.68
S00242,W005,Port Tamara,2025-07-08,2025-07-12,P0022,140,420.16
S00243,W010,Port Willie,2025-06-05,2025-06-10,P0075,11,286.71
S00244,W010,East Ashley,2025-06-28,2025-07-02,P0054,29,160.77
S00245,W008,Lake Jessica,2025-05-19,2025-05-22,P0043,16,177.93
S00246,W002,East Kathleenbury,2025-03-23,2025-03-31,P0048,161,468.12
S00247,W002,Miketon,2025-07-18,2025-07-25,P0020,17,86.48
S00248,W008,New Rebecca,2025-05-20,2025-05-29,P0081,78,317.39
S00249,W001,Harrisonmouth,2025-03-20,2025-03-27,P0006,177,330.06
S00250,W008,Lake Mariohaven,2025-07-12,2025-07-19,P0094,197,458.1
S00251,W010,Maryview,2025-07-01,2025-07-05,P0028,22,410.7
S00252,W005,South Desiree,2025-05-20,2025-05-27,P0008,200,81.83
S00253,W010,New Johnbury,2025-06-19,2025-06-27,P0012,112,164.82
S00254,W004,Gomezstad,2025-06-13,2025-06-21,P0012,15,433.56
S00255,W003,Eatontown,2025-06-16,2025-06-24,P0100,113,178.22
S00256,W003,South Gabriel,2025-03-25,2025-03-28,P0039,135,410.5
S00257,W005,Jasonburgh,2025-04-10,2025-04-14,P0046,180,93.25
S00258,W006,Carolynville,2025-07-17,2025-07-27,P0026,135,250.45
S00259,W007,South Lisa,2025-07-28,2025-08-06,P0035,154,320.15
S00260,W002,South Emmafort,2025-04-20,2025-04-28,P0048,167,133.86
S00261,W007,Lake Martha,2025-03-15,2025-03-18,P0006,141,203.79
S00262,W008,North David,2025-07-04,2025-07-09,P0083,185,371.14
S00263,W008,East Crystal,2025-03-18,2025-03-28,P0081,175,286.11
S00264,W005,North Gabriel,2025-04-14,2025-04-23,P0056,30,458.24
S00265,W008,Greeneshire,2025-07-12,2025-07-18,P0020,42,357.94
S00266,W005,Lake Jessicaport,2025-03-27,2025-04-01,P0067,119,182.97
S00267,W001,South Catherine,2025-06-10,2025-06-20,P0010,21,281.04
S00268,W009,Jacksonchester,2025-07-05,2025-07-13,P0053,34,259.1
S00269,W010,Port Brandi,2025-08-07,2025-08-13,P0046,75,313.51
S00270,W009,New Donna,2025-05-01,2025-05-03,P0015,199,347.71
S00271,W003,Lake Gina,2025-06-07,2025-06-11,P0051,21,87.48
S00272,W005,East Nicholasberg,2025-04-01,2025-04-08,P0076,195,254.75
S00273,W008,East Alexandrahaven,2025-07-21,2025-07-27,P0044,57,144.98
S00274,W002,Serranoville,2025-04-14,2025-04-20,P0087,37,245.21
S00275,W001,Valenzuelaton,2025-06-22,2025-06-24,P0051,39,55.99
S00276,W008,North Timothyberg,2025-07-06,2025-07-15,P0089,113,440.95
S00277,W010,Port Erikachester,2025-06-20,2025-06-29,P0039,168,415.91
S00278,W010,Woodton,2025-07-24,2025-07-31,P0089,182,483.41
S00279,W007,Perezfort,2025-08-07,2025-08-13,P0012,42,110.8
S00280,W004,Bellshire,2025-03-29,2025-04-01,P0003,188,486.73
S00281,W001,Andersonfort,2025-08-06,2025-08-11,P0062,176,115.32
S00282,W004,Port Christopher,2025-07-05,2025-07-13,P0081,147,135.91
S00283,W005,Scotttown,2025-07-26,2025-08-04,P0019,131,239.85
S00284,W002,New Alexandrahaven,2025-03-12,2025-03-16,P0020,199,366.17
S00285,W008,Penamouth,2025-05-29,2025-06-07,P0003,125,313.35
S00286,W004,Danielchester,2025-07-15,2025-07-21,P0073,110,72.91
S00287,W001,Joseside,2025-06-01,2025-06-04,P0081,192,244.3
S00288,W007,Cherylfurt,2025-08-04,2025-08-13,P0095,158,318.13
S00289,W009,South Andrea,2025-06-27,2025-07-03,P0005,134,229.86
S00290,W009,Whiteside,2025-06-26,2025-07-05,P0030,192,77.32
S00291,W001,Kingport,2025-07-01,2025-07-09,P0074,90,298.97
S00292,W005,Kimfurt,2025-07-31,2025-08-08,P0061,39,272.65
S00293,W006,Port Michelle,2025-04-03,2025-04-12,P0090,121,59.36
S00294,W005,South Krista,2025-04-11,2025-04-16,P0061,98,247.15
S00295,W009,East Williammouth,2025-06-25,2025-06-30,P0076,185,202.62
S00296,W010,East Paultown,2025-03-28,2025-04-06,P0017,85,375.35
S00297,W007,South Sara,2025-06-03,2025-06-11,P0087,177,380.56
S00298,W008,North Josestad,2025-03-26,2025-03-30,P0080,63,177.11
S00299,W002,Lake Patrickfurt,2025-07-08,2025-07-17,P0017,54,139.77
S00300,W010,Jenniferton,2025-08-08,2025-08-17,P0013,116,474.37
S00301,W008,Lake Troy,2025-03-13,2025-03-19,P0031,63,300.57
S00302,W001,Port Diane,2025-06-19,2025-06-26,P0034,101,354.62
S00303,W003,Jameshaven,2025-06-19,2025-06-29,P0005,26,201.98
S00304,W002,New Gavin,2025-03-18,2025-03-23,P0016,153,150.84
S00305,W005,Johntown,2025-04-10,2025-04-17,P0046,21,396.54
S00306,W009,West Kimberlystad,2025-07-19,2025-07-25,P0020,186,443.16
S00307,W010,Sullivanborough,2025-06-19,2025-06-22,P0091,22,466.98
S00308,W008,Lake Janeland,2025-06-25,2025-07-04,P0097,38,488.6
S00309,W010,Jessicaside,2025-07-02,2025-07-05,P0072,20,278.29
S00310,W003,Michaelview,2025-04-23,2025-04-26,P0027,102,120.66
S00311,W005,South Sarah,2025-06-30,2025-07-09,P0098,139,274.28
S00312,W002,West Gregoryhaven,2025-03-31,2025-04-04,P0083,103,200.57
S00313,W003,New Kellyville,2025-06-18,2025-06-21,P0026,122,486.34
S00314,W001,Nancyshire,2025-04-28,2025-05-03,P0061,97,179.04
S00315,W003,Churchshire,2025-06-12,2025-06-15,P0035,105,371.84
S00316,W007,Port Matthew,2025-08-08,2025-08-15,P0081,180,160.45
S00317,W009,Maldonadoshire,2025-03-16,2025-03-24,P0030,45,410.8
S00318,W007,Wilsonland,2025-05-24,2025-06-01,P0059,142,407.57
S00319,W006,Lake Jacqueline,2025-05-11,2025-05-13,P0057,47,396.57
S00320,W009,Moseshaven,2025-06-23,2025-06-26,P0011,96,191.66
S00321,W003,Lake Marilynbury,2025-05-05,2025-05-13,P0008,110,391.64
S00322,W003,South Emilymouth,2025-03-25,2025-03-27,P0081,192,409.58
S00323,W009,South Lee,2025-04-22,2025-04-28,P0054,112,448.6
S00324,W009,Ianborough,2025-06-15,2025-06-21,P0093,200,191.16
S00325,W006,East Jill,2025-05-01,2025-05-03,P0036,145,324.68
S00326,W003,East James,2025-04-28,2025-05-06,P0058,174,142.31
S00327,W009,Ericville,2025-04-03,2025-04-12,P0090,98,449.45
S00328,W007,Lake Stephaniefort,2025-07-08,2025-07-13,P0039,31,66.64
S00329,W006,Port Mercedeston,2025-06-12,2025-06-20,P0093,194,383.02
S00330,W003,Christinefort,2025-06-30,2025-07-10,P0070,82,146.18
S00331,W009,Travishaven,2025-05-04,2025-05-14,P0040,143,203.32
S00332,W003,Walkershire,2025-04-04,2025-04-06,P0004,148,316.63
S00333,W004,New Laurenfort,2025-06-24,2025-06-30,P0093,118,494.13
S00334,W002,New Michaelburgh,2025-06-07,2025-06-09,P0048,76,332.15
S00335,W006,Lake Aprilmouth,2025-07-22,2025-07-25,P0007,176,473.6
S00336,W008,North Emilyfurt,2025-07-01,2025-07-07,P0074,198,52.35
S00337,W006,West Michaelview,2025-04-16,2025-04-21,P0096,158,304.52
S00338,W009,Joelfort,2025-07-08,2025-07-13,P0045,86,178.04
S00339,W010,Michaelfort,2025-06-01,2025-06-05,P0092,106,283.85
S00340,W004,South Jaclyn,2025-05-22,2025-05-25,P0042,142,312.07
S00341,W006,Melissaview,2025-06-06,2025-06-15,P0013,47,370.24
S00342,W007,New David,2025-06-30,2025-07-03,P0012,25,241.2
S00343,W003,Port Cory,2025-05-02,2025-05-11,P0028,124,85.13
S00344,W009,New Ryan,2025-05-23,2025-05-31,P0076,153,283.53
S00345,W007,East Lauren,2025-08-01,2025-08-07,P0075,137,336.41
S00346,W008,South Linda,2025-04-14,2025-04-23,P0094,116,420.72
S00347,W003,Porterhaven,2025-06-22,2025-07-02,P0017,134,370.02
S00348,W003,Kristenport,2025-04-28,2025-05-08,P0068,40,362.51
S00349,W008,South Coreyburgh,2025-03-22,2025-03-31,P0005,50,474.83
S00350,W006,Port Jonathan,2025-07-11,2025-07-14,P0078,114,99.65
S00351,W006,South Julieview,2025-05-20,2025-05-26,P0006,143,118.99
S00352,W006,Annview,2025-05-16,2025-05-22,P0048,87,182.29
S00353,W001,South Davidborough,2025-07-01,2025-07-05,P0019,160,239.79
S00354,W005,Port Justin,2025-05-13,2025-05-19,P0028,56,418.61
S00355,W008,Hamptonmouth,2025-03-26,2025-03-28,P0016,150,206.89
S00356,W001,Austinmouth,2025-07-11,2025-07-19,P0062,156,189.37
S00357,W008,Port Gary,2025-05-15,2025-05-22,P0049,131,425.51
S00358,W010,Welchshire,2025-05-28,2025-06-01,P0098,45,277.14
S00359,W008,North Fernandobury,2025-05-10,2025-05-19,P0086,124,117.04
S00360,W006,Deniseview,2025-07-06,2025-07-09,P0080,180,330.62
S00361,W007,Nelsonmouth,2025-08-09,2025-08-14,P0051,96,293.45
S00362,W008,Juliehaven,2025-06-06,2025-06-12,P0083,32,439.68
S00363,W001,Jacksontown,2025-04-04,2025-04-10,P0072,175,105.7
S00364,W009,Lake Johnathan,2025-08-02,2025-08-05,P0025,168,293.83
S00365,W001,East Garrettville,2025-03-29,2025-04-08,P0025,131,276.19
S00366,W001,South Amytown,2025-08-07,2025-08-10,P0085,146,130.88
S00367,W001,Warrenland,2025-03-31,2025-04-06,P0027,72,423.36
S00368,W010,Christineland,2025-07-16,2025-07-25,P0011,146,323.08
S00369,W007,Parkerbury,2025-08-01,2025-08-03,P0063,15,202.98
S00370,W003,Scottberg,2025-04-05,2025-04-13,P0004,145,192.82
S00371,W005,North Austin,2025-05-19,2025-05-22,P0015,35,293.8
S00372,W005,Michellemouth,2025-06-23,2025-06-27,P0024,75,395.74
S00373,W003,Amyberg,2025-07-24,2025-07-30,P0053,183,126.14
S00374,W010,New Carla,2025-07-11,2025-07-18,P0024,16,370.99
S00375,W005,Millsside,2025-05-10,2025-05-18,P0013,91,114.11
S00376,W006,Timothybury,2025-03-28,2025-04-03,P0049,40,73.35
S00377,W004,Parkerchester,2025-04-30,2025-05-05,P0064,140,388.58
S00378,W007,West Alex,2025-06-20,2025-06-23,P0035,25,193.25
S00379,W009,West Justin,2025-06-22,2025-06-30,P0009,133,63.01
S00380,W004,Lake Sandrafort,2025-05-08,2025-05-10,P0035,151,483.56
S00381,W002,Port Russellport,2025-07-04,2025-07-09,P0098,152,343.2
S00382,W003,Port Adrian,2025-05-22,2025-05-28,P0073,114,250.69
S00383,W009,South Nicole,2025-06-03,2025-06-08,P0019,105,293.2
S00384,W003,Wrightfurt,2025-05-23,2025-05-28,P0069,118,482.61
S00385,W009,West Christian,2025-07-10,2025-07-19,P0006,10,415.69
S00386,W010,New Kathy,2025-07-08,2025-07-14,P0084,52,50.24
S00387,W008,Justinside,2025-05-02,2025-05-08,P0077,74,427.77
S00388,W007,Lopezland,2025-04-15,2025-04-22,P0081,64,313.32
S00389,W009,West Daniel,2025-06-07,2025-06-13,P0006,51,382.63
S00390,W010,Nelsonfort,2025-04-16,2025-04-19,P0039,32,227.89
S00391,W002,Andrewton,2025-06-22,2025-06-26,P0093,152,499.47
S00392,W007,East Teresaport,2025-05-02,2025-05-07,P0079,139,480.84
S00393,W006,Lake Samuel,2025-03-12,2025-03-19,P0082,76,490.84
S00394,W008,North Edward,2025-06-14,2025-06-20,P0032,179,492.36
S00395,W006,West Robert,2025-06-15,2025-06-20,P0059,163,197.81
S00396,W003,Steventon,2025-05-14,2025-05-16,P0078,131,51.93
S00397,W001,Port Karenberg,2025-03-21,2025-03-25,P0053,152,452.87
S00398,W008,Kimberlyland,2025-06-24,2025-07-02,P0069,30,404.29
S00399,W002,Whiteview,2025-05-24,2025-06-03,P0004,181,250.33
S00400,W002,North Theresabury,2025-05-24,2025-05-31,P0049,163,211.08
S00401,W003,Wrightton,2025-04-18,2025-04-20,P0016,128,216.72
S00402,W004,Mossville,2025-06-20,2025-06-29,P0002,66,384.42
S00403,W005,South Paul,2025-05-10,2025-05-17,P0025,33,417.33
S00404,W005,Ericton,2025-08-02,2025-08-07,P0030,136,485.28
S00405,W001,West Timothyport,2025-04-18,2025-04-24,P0064,190,368.14
S00406,W004,Paigeborough,2025-04-01,2025-04-03,P0026,173,228.24
S00407,W005,Lake Ryan,2025-03-13,2025-03-23,P0064,53,298.3
S00408,W010,Port Joshua,2025-04-03,2025-04-07,P0009,160,107.71
S00409,W002,Mccormicktown,2025-03-19,2025-03-23,P0034,155,434.97
S00410,W009,Barkerberg,2025-05-22,2025-05-28,P0025,183,60.4
S00411,W009,East Ericland,2025-07-22,2025-07-28,P0088,153,447.4
S00412,W001,Sarahton,2025-03-22,2025-03-30,P0083,182,474.38
S00413,W001,Deannaside,2025-03-31,2025-04-07,P0056,114,173.32
S00414,W009,South Jesse,2025-06-27,2025-07-06,P0064,102,282.77
S00415,W001,Lindamouth,2025-07-31,2025-08-05,P0007,81,463.28
S00416,W009,North Hannah,2025-05-19,2025-05-28,P0041,11,226.34
S00417,W006,West Rachel,2025-06-13,2025-06-16,P0074,16,495.62
S00418,W004,Hansenside,2025-07-24,2025-08-01,P0010,73,138.59
S00419,W006,Lopezburgh,2025-06-24,2025-06-30,P0009,170,331.38
S00420,W001,Mariomouth,2025-05-03,2025-05-12,P0056,16,316.64
S00421,W006,North Amanda,2025-06-06,2025-06-12,P0032,37,263.11
S00422,W006,Loriside,2025-05-21,2025-05-23,P0043,143,407.35
S00423,W002,Smithhaven,2025-05-23,2025-06-01,P0098,34,331.41
S00424,W010,North Christine,2025-05-20,2025-05-23,P0011,25,462.52
S00425,W007,West Jennifer,2025-07-16,2025-07-23,P0089,26,402.19
S00426,W001,Leefort,2025-08-06,2025-08-15,P0008,87,324.83
S00427,W007,New Justin,2025-05-29,2025-06-01,P0014,183,75.11
S00428,W001,Danielhaven,2025-07-16,2025-07-22,P0049,112,93.12
S00429,W007,North Maryberg,2025-04-14,2025-04-19,P0077,178,330.8
S00430,W008,East Danielborough,2025-03-30,2025-04-07,P0060,119,445.97
S00431,W010,New Darlenefurt,2025-07-16,2025-07-19,P0044,176,471.91
S00432,W001,Foxshire,2025-04-29,2025-05-08,P0067,94,314.52
S00433,W002,West Jeffreyland,2025-03-13,2025-03-16,P0002,162,370.98
S00434,W010,Lake Travis,2025-03-26,2025-03-31,P0074,42,336.81
S00435,W005,Owenton,2025-05-20,2025-05-27,P0054,133,376.08
S00436,W008,Shortton,2025-07-08,2025-07-12,P0032,45,408.66
S00437,W001,Allisonland,2025-05-09,2025-05-13,P0040,159,246.13
S00438,W006,East Susanville,2025-03-30,2025-04-05,P0075,148,398.97
S00439,W003,New Paul,2025-04-17,2025-04-26,P0040,164,204.31
S00440,W006,New Colleen,2025-04-14,2025-04-16,P0067,160,345.95
S00441,W003,Reeseshire,2025-05-19,2025-05-21,P0031,139,418.63
S00442,W009,Parkchester,2025-03-31,2025-04-02,P0055,98,137.93
S00443,W004,Port Henry,2025-05-27,2025-06-01,P0009,97,135.21
S00444,W008,Dianeside,2025-07-05,2025-07-14,P0077,187,199.02
S00445,W010,Mahoneymouth,2025-06-25,2025-07-02,P0079,86,238.41
S00446,W003,Meganchester,2025-08-06,2025-08-09,P0059,20,273.17
S00447,W001,Mckenziemouth,2025-07-07,2025-07-12,P0089,68,259.94
S00448,W004,New Amy,2025-05-22,2025-05-27,P0062,198,395.76
S00449,W006,Michaelmouth,2025-06-05,2025-06-13,P0027,112,132.91
S00450,W001,Smithton,2025-05-05,2025-05-12,P0002,28,211.05
S00451,W009,New Derekport,2025-03-12,2025-03-15,P0019,84,248.18
S00452,W010,Traceyborough,2025-05-11,2025-05-18,P0006,17,139.61
S00453,W005,Port Lynnview,2025-06-26,2025-06-30,P0029,77,373.48
S00454,W006,North Benjamin,2025-05-19,2025-05-29,P0032,55,138.19
S00455,W003,East Joseph,2025-07-02,2025-07-08,P0013,15,424.15
S00456,W003,East Jonathan,2025-05-08,2025-05-16,P0084,38,202.27
S00457,W004,New Ricardoborough,2025-07-31,2025-08-06,P0059,71,216.34
S00458,W006,Lake Markfort,2025-04-13,2025-04-17,P0068,169,446.75
S00459,W002,Petersenshire,2025-03-29,2025-04-01,P0019,43,407.7
S00460,W004,Benjaminshire,2025-05-24,2025-06-03,P0049,187,218.41
S00461,W010,Port Brianmouth,2025-05-17,2025-05-25,P0082,72,464.46
S00462,W010,Butlerville,2025-08-07,2025-08-12,P0069,85,405.31
S00463,W006,Lake Denise,2025-07-05,2025-07-10,P0007,171,408.03
S00464,W003,Lake Kimberlyfurt,2025-03-21,2025-03-31,P0075,135,144.16
S00465,W002,Alicemouth,2025-06-23,2025-07-02,P0085,167,79.19
S00466,W009,West Wayne,2025-04-22,2025-04-30,P0097,175,388.01
S00467,W006,North Emily,2025-05-26,2025-06-04,P0067,128,130.55
S00468,W006,Mullinsshire,2025-06-17,2025-06-27,P0089,133,372.04
S00469,W008,East Ryanfurt,2025-04-08,2025-04-17,P0035,158,230.43
S00470,W010,West Christopher,2025-06-29,2025-07-01,P0027,66,452.7
S00471,W008,New Raymondland,2025-05-27,2025-06-01,P0051,65,187.7
S00472,W007,Ayalaberg,2025-08-05,2025-08-09,P0048,75,297.75
S00473,W003,South Anita,2025-06-13,2025-06-16,P0038,123,283.47
S00474,W004,Pearsonborough,2025-06-27,2025-06-29,P0060,141,329.51
S00475,W007,East Charles,2025-08-08,2025-08-17,P0060,120,234.03
S00476,W008,Morrisshire,2025-03-28,2025-04-04,P0035,107,61.12
S00477,W008,Lake Robertstad,2025-05-17,2025-05-22,P0034,175,84.15
S00478,W002,West Melvin,2025-07-16,2025-07-22,P0065,141,295.99
S00479,W002,Port Kevinstad,2025-07-08,2025-07-14,P0030,35,103.36
S00480,W006,Hansonmouth,2025-03-19,2025-03-21,P0070,61,200.19
S00481,W006,East Gina,2025-04-10,2025-04-16,P0039,200,417.0
S00482,W005,North Jodibury,2025-07-09,2025-07-14,P0091,164,499.1
S00483,W009,Port Marissa,2025-05-05,2025-05-11,P0002,86,176.83
S00484,W006,West Heatherville,2025-05-09,2025-05-17,P0052,158,391.01
S00485,W001,Ruizmouth,2025-04-20,2025-04-29,P0084,141,495.17
S00486,W003,East Amy,2025-08-03,2025-08-11,P0030,68,375.5
S00487,W004,Anaberg,2025-07-23,2025-08-01,P0030,142,314.15
S00488,W009,South Brandyhaven,2025-03-19,2025-03-28,P0093,128,203.3
S00489,W002,Georgeport,2025-04-18,2025-04-25,P0025,119,396.56
S00490,W007,Briantown,2025-03-23,2025-03-28,P0057,125,433.82
S00491,W001,Guerrerostad,2025-03-31,2025-04-07,P0018,157,443.19
S00492,W005,West Michellefurt,2025-04-24,2025-04-26,P0064,178,425.43
S00493,W006,Romeroville,2025-05-11,2025-05-16,P0054,118,358.59
S00494,W007,Delacruzside,2025-03-28,2025-04-07,P0039,93,314.13
S00495,W010,East Vincent,2025-06-07,2025-06-09,P0018,49,489.76
S00496,W006,North Johnhaven,2025-05-09,2025-05-17,P0049,62,476.91
S00497,W002,Tracyburgh,2025-03-14,2025-03-24,P0050,58,263.65
S00498,W006,Gabriellestad,2025-07-10,2025-07-19,P0082,87,91.96
S00499,W002,Joelhaven,2025-05-03,2025-05-13,P0023,18,421.91
S00500,W010,Lake Jonathanfurt,2025-03-16,2025-03-25,P0004,57,139.55
S00501,W007,Jeremiahmouth,2025-05-26,2025-06-01,P0027,69,181.0
S00502,W009,North Jessica,2025-06-20,2025-06-23,P0059,24,215.89
S00503,W001,South John,2025-04-09,2025-04-13,P0042,115,226.0
S00504,W002,Wallermouth,2025-06-06,2025-06-10,P0069,117,265.21
S00505,W002,East Denise,2025-07-01,2025-07-09,P0027,43,441.7
S00506,W005,Port Devin,2025-07-22,2025-07-30,P0091,180,263.65
S00507,W010,South Wendy,2025-08-07,2025-08-13,P0076,61,276.11
S00508,W008,Lake Sarah,2025-04-10,2025-04-16,P0026,11,495.99
S00509,W008,Carlosside,2025-07-28,2025-07-31,P0052,164,413.4
S00510,W009,East Lonnieberg,2025-07-30,2025-08-06,P0073,135,257.09
S00511,W010,Port Lucaschester,2025-05-29,2025-05-31,P0095,33,179.56
S00512,W008,Scottview,2025-04-09,2025-04-16,P0090,192,406.56
S00513,W007,North David,2025-03-16,2025-03-20,P0054,73,130.81
S00514,W010,Catherinebury,2025-07-04,2025-07-12,P0059,108,459.87
S00515,W003,East Grace,2025-05-19,2025-05-22,P0051,188,475.56
S00516,W004,Lake Kimberlyberg,2025-06-16,2025-06-20,P0036,170,291.98
S00517,W002,Josephstad,2025-04-15,2025-04-20,P0064,115,496.58
S00518,W009,Henryberg,2025-04-11,2025-04-14,P0048,29,389.93
S00519,W009,East Antonio,2025-08-06,2025-08-13,P0053,125,124.18
S00520,W004,West Stephaniebury,2025-08-02,2025-08-12,P0006,128,62.02
S00521,W008,Port James,2025-04-14,2025-04-22,P0044,200,229.7
S00522,W004,Camachofort,2025-07-22,2025-07-30,P0005,12,162.77
S00523,W003,Michellebury,2025-06-02,2025-06-09,P0086,128,268.14
S00524,W002,Parsonsfurt,2025-07-28,2025-07-31,P0071,178,159.03
S00525,W008,Phillipshire,2025-07-04,2025-07-08,P0061,81,428.7
S00526,W003,New Danielmouth,2025-03-19,2025-03-21,P0078,35,129.76
S00527,W002,New Amanda,2025-07-31,2025-08-10,P0095,110,125.8
S00528,W001,New Paulton,2025-04-16,2025-04-22,P0020,122,211.14
S00529,W004,Scottport,2025-08-08,2025-08-10,P0087,146,147.27
S00530,W001,Stevenchester,2025-05-07,2025-05-17,P0083,179,372.38
S00531,W002,Lake Zacharyberg,2025-06-09,2025-06-17,P0089,88,249.79
S00532,W010,Davishaven,2025-04-01,2025-04-03,P0007,106,395.2
S00533,W004,Port Brenda,2025-07-24,2025-07-31,P0031,61,91.12
S00534,W007,South Robert,2025-06-06,2025-06-08,P0002,96,419.24
S00535,W002,East Shawnborough,2025-06-07,2025-06-12,P0013,180,125.55
S00536,W003,West Marioburgh,2025-07-28,2025-07-30,P0054,141,98.46
S00537,W006,North Dannymouth,2025-07-12,2025-07-19,P0072,170,135.3
S00538,W004,Christopherfurt,2025-07-30,2025-08-09,P0051,119,104.36
S00539,W004,South Andrea,2025-03-19,2025-03-22,P0046,92,128.13
S00540,W007,West Ariana,2025-07-17,2025-07-24,P0002,109,145.75
S00541,W004,East Misty,2025-04-14,2025-04-17,P0085,81,342.48
S00542,W006,South Kylemouth,2025-05-06,2025-05-08,P0009,65,234.99
S00543,W010,North Rachel,2025-04-19,2025-04-28,P0014,192,291.28
S00544,W010,New Kathytown,2025-06-08,2025-06-12,P0033,34,319.94
S00545,W007,Foleyside,2025-03-12,2025-03-16,P0043,54,335.91
S00546,W006,Youngshire,2025-07-17,2025-07-26,P0009,95,57.94
S00547,W010,Chavezmouth,2025-03-26,2025-04-04,P0049,140,338.27
S00548,W004,East Nicoleview,2025-07-09,2025-07-19,P0076,190,494.77
S00549,W004,North Jack,2025-03-21,2025-03-23,P0079,41,188.98
S00550,W007,Benjaminton,2025-07-18,2025-07-23,P0080,30,76.97
S00551,W006,Markland,2025-03-20,2025-03-29,P0038,61,118.25
S00552,W004,South Victoriaburgh,2025-07-19,2025-07-21,P0031,195,319.13
S00553,W008,Cherylshire,2025-06-28,2025-07-05,P0018,81,192.89
S00554,W001,South Kara,2025-05-19,2025-05-29,P0054,175,415.72
S00555,W001,North Kaylamouth,2025-05-21,2025-05-26,P0094,94,204.23
S00556,W004,Wilkinschester,2025-06-25,2025-07-05,P0007,180,494.77
S00557,W004,West Thomasville,2025-07-23,2025-07-31,P0067,92,132.6
S00558,W001,Markchester,2025-06-20,2025-06-23,P0063,27,479.15
S00559,W001,Lake Jason,2025-03-22,2025-03-26,P0027,42,91.29
S00560,W010,New Jessicahaven,2025-03-28,2025-04-07,P0027,70,278.34
S00561,W007,Ramseyport,2025-06-01,2025-06-10,P0040,52,374.75
S00562,W004,Jordanshire,2025-07-10,2025-07-18,P0023,165,162.04
S00563,W005,Sarashire,2025-06-15,2025-06-24,P0082,61,172.34
S00564,W008,Vasquezburgh,2025-07-07,2025-07-10,P0047,111,219.97
S00565,W008,Lake Kelly,2025-04-17,2025-04-26,P0055,139,324.23
S00566,W007,North Andrewville,2025-08-01,2025-08-05,P0062,15,392.87
S00567,W007,Port Christina,2025-05-30,2025-06-02,P0098,86,317.83
S00568,W003,Williamsstad,2025-06-27,2025-07-07,P0094,54,165.78
S00569,W008,North Danielle,2025-07-22,2025-07-28,P0059,82,218.82
S00570,W010,Jonathanland,2025-05-09,2025-05-18,P0010,95,111.5
S00571,W008,Williammouth,2025-08-06,2025-08-11,P0020,58,51.88
S00572,W009,North Ginamouth,2025-05-26,2025-06-02,P0063,113,466.56
S00573,W007,Port Gregorymouth,2025-05-15,2025-05-22,P0050,135,188.51
S00574,W010,Hendrickston,2025-07-14,2025-07-17,P0053,19,496.61
S00575,W002,South Eric,2025-06-08,2025-06-16,P0073,51,137.4
S00576,W007,Stevenchester,2025-08-02,2025-08-08,P0099,194,206.86
S00577,W008,Port Adrianashire,2025-07-29,2025-08-05,P0090,24,342.91
S00578,W007,Angelatown,2025-04-20,2025-04-25,P0032,132,65.53
S00579,W006,Laurenstad,2025-03-23,2025-03-25,P0090,180,340.4
S00580,W005,West Mary,2025-05-15,2025-05-24,P0088,47,164.43
S00581,W010,Simsburgh,2025-06-29,2025-07-03,P0002,39,396.94
S00582,W007,Lopezville,2025-08-09,2025-08-17,P0091,160,488.37
S00583,W002,Janetmouth,2025-07-26,2025-08-05,P0025,118,124.62
S00584,W007,West Robertfort,2025-04-26,2025-05-02,P0089,87,275.29
S00585,W009,Shannonport,2025-04-21,2025-04-29,P0076,88,380.27
S00586,W002,Gregorystad,2025-03-18,2025-03-21,P0082,156,399.51
S00587,W006,North Scott,2025-03-15,2025-03-19,P0035,63,468.51
S00588,W007,Steinberg,2025-04-16,2025-04-22,P0001,53,417.38
S00589,W001,Sandrahaven,2025-05-10,2025-05-13,P0009,188,238.03
S00590,W007,Douglasville,2025-06-19,2025-06-25,P0094,120,126.79
S00591,W006,East Jenny,2025-06-08,2025-06-12,P0091,44,139.11
S00592,W003,Reeveshaven,2025-04-02,2025-04-12,P0015,125,305.19
S00593,W004,West Sarahland,2025-05-14,2025-05-18,P0026,25,387.46
S00594,W004,Smallville,2025-06-20,2025-06-26,P0053,122,332.08
S00595,W010,Andrewport,2025-07-13,2025-07-16,P0082,52,85.91
S00596,W002,West James,2025-05-05,2025-05-13,P0016,80,78.92
S00597,W001,Amandamouth,2025-07-19,2025-07-24,P0062,134,352.76
S00598,W002,West Edwardview,2025-04-02,2025-04-04,P0008,78,388.31
S00599,W001,New Anitaville,2025-04-20,2025-04-22,P0013,64,285.05
S00600,W001,Andreaview,2025-04-07,2025-04-15,P0078,143,494.1
S00601,W005,Audreyburgh,2025-03-24,2025-04-02,P0061,96,321.97
S00602,W006,Christinamouth,2025-06-23,2025-06-30,P0088,97,499.75
S00603,W004,Williamstown,2025-06-10,2025-06-17,P0086,112,220.3
S00604,W001,North Patrickland,2025-06-01,2025-06-08,P0043,35,51.39
S00605,W007,Whiteshire,2025-07-11,2025-07-15,P0004,164,105.3
S00606,W009,Jensenport,2025-05-14,2025-05-20,P0090,73,215.79
S00607,W010,Lake Katherine,2025-06-22,2025-07-01,P0066,115,347.1
S00608,W001,Port Kathyshire,2025-04-05,2025-04-12,P0003,172,212.09
S00609,W001,Port Leahmouth,2025-03-29,2025-04-05,P0087,123,155.1
S00610,W008,Collinsmouth,2025-06-10,2025-06-18,P0095,166,407.28
S00611,W006,East Douglas,2025-07-08,2025-07-16,P0061,178,435.7
S00612,W002,Robertafurt,2025-04-15,2025-04-23,P0038,165,137.78
S00613,W003,Kristinamouth,2025-06-07,2025-06-17,P0074,193,277.09
S00614,W003,Johnsonfort,2025-04-01,2025-04-10,P0012,87,424.56
S00615,W009,Timothyburgh,2025-05-04,2025-05-13,P0022,124,479.77
S00616,W008,Cassandraberg,2025-06-17,2025-06-27,P0031,72,145.24
S00617,W002,South Lisaville,2025-05-13,2025-05-16,P0056,193,63.15
S00618,W006,Port Kevinmouth,2025-05-27,2025-06-04,P0099,81,149.17
S00619,W005,Allenbury,2025-06-25,2025-07-04,P0086,41,349.46
S00620,W009,South Patrick,2025-05-16,2025-05-25,P0012,187,199.76
S00621,W004,Port Heather,2025-06-02,2025-06-05,P0083,97,219.65
S00622,W007,Bradleymouth,2025-06-24,2025-07-04,P0056,69,150.6
S00623,W002,East Elaine,2025-03-26,2025-04-01,P0012,38,90.11
S00624,W010,Wilsonmouth,2025-05-13,2025-05-18,P0096,39,307.78
S00625,W003,Port Seanport,2025-05-28,2025-06-04,P0049,157,381.61
S00626,W005,New Danielfurt,2025-05-13,2025-05-15,P0076,147,135.44
S00627,W007,Newmanton,2025-03-28,2025-04-05,P0041,103,408.88
S00628,W003,Port Dominic,2025-07-01,2025-07-11,P0085,164,315.85
S00629,W002,Port Dwayneberg,2025-06-06,2025-06-14,P0002,147,433.56
S00630,W006,Petershire,2025-06-05,2025-06-09,P0038,66,274.92
S00631,W008,East Erin,2025-05-11,2025-05-15,P0077,82,115.64
S00632,W001,Ashleyport,2025-06-03,2025-06-10,P0040,138,495.65
S00633,W002,Veronicashire,2025-03-12,2025-03-18,P0091,156,265.23
S00634,W004,Abbottport,2025-03-23,2025-04-01,P0038,190,484.92
S00635,W001,Rachelton,2025-03-11,2025-03-18,P0020,193,144.78
S00636,W004,Danielport,2025-03-17,2025-03-19,P0100,55,435.55
S00637,W007,South Jacqueline,2025-05-26,2025-06-01,P0085,50,495.98
S00638,W009,Jenniferfurt,2025-05-24,2025-06-01,P0044,118,355.05
S00639,W006,Gardnerburgh,2025-06-11,2025-06-19,P0051,28,287.53
S00640,W005,East Angela,2025-05-19,2025-05-25,P0090,59,365.5
S00641,W009,Mooreberg,2025-04-06,2025-04-14,P0013,43,195.54
S00642,W010,North Deborahberg,2025-07-29,2025-07-31,P0091,87,255.89
S00643,W003,Barrettberg,2025-03-27,2025-03-31,P0057,188,267.1
S00644,W003,Lake Linda,2025-06-07,2025-06-12,P0028,60,380.89
S00645,W001,Hansonmouth,2025-06-17,2025-06-24,P0093,157,95.88
S00646,W003,Arnoldmouth,2025-05-24,2025-06-01,P0055,183,428.75
S00647,W001,Jeremiahchester,2025-07-06,2025-07-09,P0046,131,130.83
S00648,W001,New Tyronebury,2025-07-27,2025-07-30,P0066,176,202.32
S00649,W007,Robertside,2025-06-30,2025-07-04,P0081,194,231.8
S00650,W001,Arthurton,2025-06-29,2025-07-02,P0031,111,269.88
S00651,W010,Bushville,2025-07-01,2025-07-05,P0084,200,218.92
S00652,W002,Nixonland,2025-04-07,2025-04-16,P0084,107,173.85
S00653,W008,Stevenland,2025-06-20,2025-06-27,P0002,40,102.48
S00654,W002,East Thomasland,2025-07-21,2025-07-30,P0083,181,458.82
S00655,W004,Chloemouth,2025-06-22,2025-06-24,P0076,156,494.31
S00656,W008,South Shawnfort,2025-06-30,2025-07-06,P0089,200,92.55
S00657,W010,Robertport,2025-05-06,2025-05-10,P0050,133,499.98
S00658,W007,North Heather,2025-07-05,2025-07-11,P0074,42,94.75
S00659,W002,Jessicashire,2025-04-30,2025-05-10,P0024,113,415.79
S00660,W001,Lake Thomasburgh,2025-06-30,2025-07-08,P0072,147,402.56
S00661,W009,Lake Veronicatown,2025-05-05,2025-05-14,P0009,142,426.71
S00662,W009,Millerhaven,2025-03-25,2025-03-28,P0097,63,484.56
S00663,W002,Johnathanview,2025-05-03,2025-05-07,P0077,187,130.97
S00664,W009,Alexisville,2025-07-06,2025-07-15,P0041,41,67.61
S00665,W010,New Joanne,2025-07-16,2025-07-21,P0084,51,89.52
S00666,W005,Woodburgh,2025-04-30,2025-05-02,P0011,41,277.77
S00667,W006,South Henry,2025-06-21,2025-07-01,P0022,118,489.7
S00668,W001,West Traceyberg,2025-07-04,2025-07-09,P0039,21,475.8
S00669,W009,Port Tyler,2025-05-30,2025-06-05,P0085,146,250.21
S00670,W010,Youngmouth,2025-07-29,2025-08-07,P0089,90,285.2
S00671,W006,East Becky,2025-05-17,2025-05-27,P0066,63,359.57
S00672,W001,Lake Josephville,2025-03-21,2025-03-26,P0005,58,113.75
S00673,W004,South Raymond,2025-05-08,2025-05-12,P0078,151,147.22
S00674,W006,Reeseside,2025-04-25,2025-05-01,P0017,196,330.04
S00675,W002,Vegafurt,2025-06-11,2025-06-21,P0033,76,221.8
S00676,W003,Dustinchester,2025-03-13,2025-03-21,P0059,31,475.13
S00677,W007,Saramouth,2025-05-24,2025-05-28,P0069,62,81.75
S00678,W005,Suzanneton,2025-03-29,2025-04-03,P0092,105,303.64
S00679,W009,Stephaniechester,2025-07-07,2025-07-11,P0054,49,192.36
S00680,W007,Matthewview,2025-03-30,2025-04-07,P0004,164,161.37
S00681,W005,Destinyfurt,2025-06-08,2025-06-11,P0069,38,357.79
S00682,W007,Lake Emily,2025-08-07,2025-08-10,P0043,173,90.04
S00683,W006,New Matthew,2025-07-23,2025-07-29,P0019,67,173.14
S00684,W002,West Amy,2025-07-19,2025-07-27,P0029,106,478.3
S00685,W002,Port Carloschester,2025-03-29,2025-04-02,P0068,196,443.98
S00686,W010,Lake Seanbury,2025-07-29,2025-08-07,P0013,145,207.01
S00687,W010,Johnathanton,2025-03-15,2025-03-21,P0071,79,323.36
S00688,W001,North Sheenaborough,2025-07-05,2025-07-09,P0041,109,131.3
S00689,W009,Lake Susanland,2025-07-06,2025-07-16,P0077,113,264.59
S00690,W003,South Diana,2025-07-14,2025-07-20,P0002,185,281.1
S00691,W003,North Heather,2025-04-29,2025-05-03,P0019,106,305.4
S00692,W005,Stevenland,2025-07-13,2025-07-15,P0093,173,488.52
S00693,W004,Livingstonview,2025-08-07,2025-08-15,P0091,127,132.4
S00694,W006,Schwartzmouth,2025-04-29,2025-05-08,P0065,83,174.12
S00695,W007,Port Charles,2025-08-08,2025-08-18,P0092,68,187.33
S00696,W002,South Paulton,2025-04-30,2025-05-06,P0053,90,430.36
S00697,W002,Gregoryland,2025-06-14,2025-06-17,P0094,71,475.19
S00698,W003,New Philip,2025-07-14,2025-07-16,P0011,200,178.63
S00699,W008,Rodriguezside,2025-08-07,2025-08-09,P0055,183,278.91
S00700,W003,Robinsonville,2025-06-04,2025-06-13,P0064,141,358.3
S00701,W009,Dakotaland,2025-03-24,2025-03-27,P0052,13,327.33
S00702,W001,Kimberlytown,2025-06-15,2025-06-23,P0090,146,387.35
S00703,W004,Lake Danielle,2025-03-18,2025-03-28,P0088,165,69.06
S00704,W008,Adamsmouth,2025-05-25,2025-05-29,P0087,144,456.71
S00705,W003,New Jasminefort,2025-06-11,2025-06-14,P0047,44,281.16
S00706,W001,Powellland,2025-06-23,2025-07-01,P0064,107,126.72
S00707,W002,North Patrick,2025-07-22,2025-07-29,P0087,73,424.28
S00708,W002,Martinezside,2025-05-19,2025-05-25,P0039,133,182.1
S00709,W004,Evelynfurt,2025-03-21,2025-03-23,P0095,171,305.98
S00710,W004,West Amandamouth,2025-03-26,2025-04-01,P0083,141,421.58
S00711,W001,Hodgesport,2025-07-14,2025-07-23,P0080,134,75.87
S00712,W001,East Angela,2025-05-24,2025-06-02,P0043,86,209.25
S00713,W001,West Heather,2025-03-31,2025-04-07,P0093,57,230.93
S00714,W001,Tommouth,2025-07-31,2025-08-03,P0056,135,138.89
S00715,W009,East Austin,2025-03-15,2025-03-25,P0020,115,105.73
S00716,W008,South Paul,2025-06-23,2025-06-25,P0020,178,162.56
S00717,W008,Victormouth,2025-03-14,2025-03-22,P0048,86,214.02
S00718,W003,West Brianton,2025-05-28,2025-06-07,P0035,37,495.22
S00719,W008,East Lindsayhaven,2025-06-08,2025-06-12,P0018,100,386.19
S00720,W001,Lake Beth,2025-03-24,2025-03-31,P0091,60,99.8
S00721,W005,Lake Donaldtown,2025-06-10,2025-06-12,P0018,111,239.48
S00722,W006,East Jacquelineberg,2025-03-13,2025-03-15,P0021,180,139.55
S00723,W008,Lake Brendan,2025-05-09,2025-05-15,P0016,117,270.08
S00724,W008,South Cherylshire,2025-03-23,2025-03-27,P0042,112,275.84
S00725,W007,North Tylerbury,2025-03-23,2025-03-27,P0015,37,406.72
S00726,W003,South Matthew,2025-08-01,2025-08-05,P0045,138,56.14
S00727,W004,Nguyenshire,2025-06-25,2025-06-27,P0087,97,243.35
S00728,W010,West Mary,2025-04-21,2025-04-23,P0056,132,180.26
S00729,W008,New Glennland,2025-04-03,2025-04-06,P0098,119,161.49
S00730,W003,Donaldchester,2025-04-12,2025-04-22,P0024,73,176.51
S00731,W002,Angelamouth,2025-04-27,2025-05-03,P0090,73,349.85
S00732,W007,East Craigfurt,2025-08-09,2025-08-14,P0061,190,402.22
S00733,W002,North Nichole,2025-03-26,2025-04-05,P0079,56,134.9
S00734,W010,North Harryland,2025-07-26,2025-07-30,P0030,40,109.53
S00735,W001,Robertfort,2025-07-23,2025-07-29,P0025,47,241.84
S00736,W010,East Douglas,2025-05-02,2025-05-07,P0012,23,221.16
S00737,W009,Jenkinsburgh,2025-07-07,2025-07-13,P0090,172,491.06
S00738,W004,New Hectorfort,2025-07-07,2025-07-14,P0055,132,77.61
S00739,W007,Lake Margaretport,2025-05-17,2025-05-19,P0039,38,171.16
S00740,W005,Smithbury,2025-04-17,2025-04-24,P0092,117,161.14
S00741,W001,New Tiffanystad,2025-08-05,2025-08-09,P0006,10,73.46
S00742,W006,South Kaylee,2025-07-17,2025-07-22,P0037,130,176.07
S00743,W010,West Brian,2025-04-01,2025-04-04,P0056,57,163.52
S00744,W008,Lake Megan,2025-06-11,2025-06-18,P0043,87,100.19
S00745,W001,Thompsonton,2025-03-21,2025-03-31,P0099,43,199.05
S00746,W006,Justinchester,2025-04-28,2025-05-08,P0078,105,157.21
S00747,W005,Christinamouth,2025-03-19,2025-03-24,P0075,108,89.25
S00748,W002,Lake Brianside,2025-04-14,2025-04-18,P0081,200,320.83
S00749,W001,Port Anthony,2025-06-18,2025-06-23,P0025,190,250.6
S00750,W002,North Pattymouth,2025-07-04,2025-07-07,P0070,168,204.3
S00751,W008,Robertmouth,2025-04-24,2025-04-29,P0069,194,119.15
S00752,W003,West Jeremybury,2025-08-01,2025-08-06,P0054,150,370.22
S00753,W009,Kanefurt,2025-04-22,2025-04-29,P0047,124,333.44
S00754,W002,South Brendaton,2025-06-03,2025-06-11,P0009,133,238.55
S00755,W009,East Sarah,2025-06-07,2025-06-09,P0022,163,173.37
S00756,W003,South Nathaniel,2025-06-07,2025-06-13,P0006,154,77.36
S00757,W004,Lake Michael,2025-05-02,2025-05-10,P0064,185,289.61
S00758,W009,West David,2025-07-23,2025-07-26,P0022,122,387.83
S00759,W007,West Derekmouth,2025-06-08,2025-06-18,P0100,109,230.38
S00760,W005,Jacksonmouth,2025-04-22,2025-04-27,P0024,10,122.0
S00761,W004,Cassandraburgh,2025-07-01,2025-07-03,P0066,126,276.72
S00762,W009,North Robert,2025-06-20,2025-06-26,P0039,66,183.36
S00763,W005,Atkinsborough,2025-07-03,2025-07-13,P0016,53,150.77
S00764,W009,Hoodview,2025-03-13,2025-03-18,P0038,20,337.83
S00765,W005,Fitzgeraldbury,2025-04-28,2025-05-02,P0035,23,339.09
S00766,W004,Ryanbury,2025-07-03,2025-07-08,P0069,39,50.63
S00767,W006,New Rachel,2025-05-31,2025-06-07,P0042,31,475.89
S00768,W009,North Vickiehaven,2025-03-17,2025-03-23,P0093,44,233.75
S00769,W010,Schmidtfort,2025-07-24,2025-07-30,P0042,24,331.68
S00770,W001,South Tylerland,2025-06-27,2025-07-04,P0029,197,484.35
S00771,W003,Lake Jessicaborough,2025-04-05,2025-04-11,P0003,147,345.79
S00772,W010,Kennethland,2025-03-14,2025-03-17,P0093,200,359.65
S00773,W005,Caldwellburgh,2025-07-25,2025-08-04,P0027,123,149.29
S00774,W005,Hodgeshire,2025-03-15,2025-03-20,P0075,171,413.48
S00775,W007,Fordberg,2025-07-25,2025-07-29,P0058,69,378.42
S00776,W007,Lopezstad,2025-07-10,2025-07-17,P0019,132,92.16
S00777,W003,Padillatown,2025-07-10,2025-07-19,P0024,55,134.99
S00778,W008,South Patriciamouth,2025-06-22,2025-06-26,P0083,82,59.47
S00779,W003,West Ronaldview,2025-07-24,2025-07-28,P0051,185,323.52
S00780,W002,Port Gail,2025-07-09,2025-07-13,P0010,119,160.36
S00781,W007,Jillton,2025-06-18,2025-06-21,P0093,144,111.78
S00782,W001,Pamelaville,2025-05-24,2025-05-27,P0049,108,59.32
S00783,W001,Steventon,2025-05-20,2025-05-22,P0017,73,396.55
S00784,W005,Gregoryside,2025-07-25,2025-07-29,P0081,163,56.07
S00785,W001,New Jennaborough,2025-04-06,2025-04-09,P0070,198,418.21
S00786,W002,Johnville,2025-07-15,2025-07-20,P0018,132,391.85
S00787,W008,Mclaughlinshire,2025-07-25,2025-07-29,P0040,94,265.51
S00788,W004,Port Julie,2025-04-23,2025-04-25,P0070,187,170.36
S00789,W009,Michaelview,2025-06-16,2025-06-19,P0003,21,96.27
S00790,W005,Ramirezland,2025-05-22,2025-05-25,P0066,116,113.83
S00791,W004,Shaunhaven,2025-06-21,2025-06-23,P0030,119,223.42
S00792,W006,South Jenniferside,2025-05-06,2025-05-12,P0029,185,223.13
S00793,W002,Oliverland,2025-04-16,2025-04-25,P0022,38,151.04
S00794,W005,Millerfurt,2025-04-14,2025-04-21,P0010,167,200.18
S00795,W006,Susanland,2025-04-01,2025-04-04,P0006,164,118.0
S00796,W007,West Daniel,2025-04-08,2025-04-18,P0043,163,131.61
S00797,W007,Hernandezborough,2025-06-20,2025-06-24,P0086,185,185.7
S00798,W005,West Robertside,2025-04-05,2025-04-12,P0014,79,462.31
S00799,W006,Reedmouth,2025-08-01,2025-08-07,P0092,29,404.99
S00800,W003,West Jaimetown,2025-04-25,2025-04-29,P0041,47,225.77
S00801,W008,Robertmouth,2025-07-16,2025-07-19,P0015,157,242.35
S00802,W005,Toddhaven,2025-06-25,2025-06-29,P0012,92,497.65
S00803,W003,Ellisshire,2025-04-05,2025-04-13,P0046,91,272.39
S00804,W008,Georgeview,2025-04-24,2025-05-02,P0078,172,200.06
S00805,W004,Watsonport,2025-08-07,2025-08-15,P0054,150,273.7
S00806,W009,East Michaelmouth,2025-04-12,2025-04-21,P0069,147,419.63
S00807,W007,Lake Amanda,2025-04-15,2025-04-18,P0075,193,239.83
S00808,W010,Port Jean,2025-07-18,2025-07-23,P0090,32,155.84
S00809,W001,East John,2025-03-18,2025-03-23,P0003,102,301.27
S00810,W003,Autumnmouth,2025-04-30,2025-05-03,P0008,99,212.39
S00811,W003,Jackside,2025-07-26,2025-08-01,P0059,46,425.86
S00812,W009,Lake Loganstad,2025-04-08,2025-04-16,P0032,63,422.52
S00813,W001,Shaneburgh,2025-06-22,2025-06-26,P0016,188,366.78
S00814,W007,Davidtown,2025-05-28,2025-05-30,P0090,118,217.26
S00815,W002,Mackmouth,2025-05-12,2025-05-15,P0062,162,441.71
S00816,W001,North Tara,2025-06-25,2025-06-29,P0047,46,85.55
S00817,W002,Deborahport,2025-06-11,2025-06-13,P0073,116,117.37
S00818,W003,Tarashire,2025-07-18,2025-07-27,P0096,45,386.65
S00819,W005,Port Annette,2025-06-04,2025-06-13,P0053,194,201.8
S00820,W001,Hannahfort,2025-03-18,2025-03-24,P0015,49,77.0
S00821,W001,Lake Andrea,2025-05-09,2025-05-13,P0065,51,54.89
S00822,W007,South Christinabury,2025-06-05,2025-06-14,P0071,192,423.28
S00823,W010,Christopherton,2025-07-07,2025-07-17,P0040,191,152.29
S00824,W003,New Alicia,2025-08-09,2025-08-15,P0012,143,219.9
S00825,W003,Jamesland,2025-06-23,2025-06-28,P0052,168,75.2
S00826,W007,Rhodesland,2025-06-18,2025-06-22,P0096,153,322.29
S00827,W002,Leemouth,2025-07-06,2025-07-15,P0062,90,343.71
S00828,W007,Lake Michaelberg,2025-07-28,2025-08-05,P0022,23,411.5
S00829,W007,Woodstad,2025-03-13,2025-03-18,P0035,37,96.98
S00830,W006,Michaelport,2025-06-05,2025-06-12,P0004,71,176.99
S00831,W009,East Jessicamouth,2025-08-01,2025-08-04,P0009,64,318.7
S00832,W005,Laraport,2025-04-11,2025-04-16,P0071,61,337.28
S00833,W001,Chandlerchester,2025-04-07,2025-04-12,P0035,31,489.5
S00834,W010,East Jaredfort,2025-06-21,2025-06-23,P0073,133,70.56
S00835,W006,Carlshire,2025-08-04,2025-08-07,P0040,12,491.24
S00836,W005,Davischester,2025-07-13,2025-07-21,P0065,59,191.51
S00837,W007,Robertside,2025-06-08,2025-06-15,P0017,189,353.61
S00838,W006,East Jacob,2025-05-24,2025-06-01,P0095,138,95.45
S00839,W003,Angelaton,2025-05-08,2025-05-10,P0076,107,264.63
S00840,W001,Troymouth,2025-04-23,2025-04-29,P0021,48,357.07
S00841,W002,Port Aaronview,2025-05-08,2025-05-11,P0092,69,447.98
S00842,W003,Martinezport,2025-05-31,2025-06-04,P0065,142,496.53
S00843,W010,South Rebecca,2025-07-14,2025-07-24,P0099,97,251.37
S00844,W003,North David,2025-05-03,2025-05-10,P0038,102,330.56
S00845,W007,Gambleland,2025-07-05,2025-07-07,P0092,184,224.44
S00846,W004,Biancashire,2025-06-03,2025-06-06,P0020,155,332.51
S00847,W008,Courtneyfort,2025-07-23,2025-07-26,P0002,46,394.84
S00848,W005,West Williamshire,2025-03-14,2025-03-24,P0012,137,92.35
S00849,W006,Franciscoton,2025-04-08,2025-04-12,P0038,51,80.67
S00850,W010,Stevenberg,2025-05-19,2025-05-26,P0046,32,82.01
S00851,W008,North Joseph,2025-05-31,2025-06-06,P0061,75,393.42
S00852,W008,Brandonport,2025-06-21,2025-06-25,P0016,155,269.72
S00853,W006,New Jamesburgh,2025-08-06,2025-08-12,P0052,114,435.65
S00854,W003,New Karenside,2025-05-12,2025-05-21,P0047,141,430.18
S00855,W006,Margaretport,2025-05-02,2025-05-09,P0011,184,235.94
S00856,W008,Codyshire,2025-05-18,2025-05-24,P0088,20,329.28
S00857,W001,North Derrick,2025-05-04,2025-05-09,P0090,153,53.57
S00858,W002,Kimberlychester,2025-05-16,2025-05-22,P0049,50,306.56
S00859,W002,North Jeffery,2025-06-16,2025-06-21,P0050,128,351.12
S00860,W006,Port Jacob,2025-06-27,2025-07-06,P0060,174,290.8
S00861,W008,South Stevenland,2025-04-02,2025-04-05,P0011,56,379.3
S00862,W007,North Timothy,2025-05-10,2025-05-18,P0026,112,197.92
S00863,W006,Donmouth,2025-07-05,2025-07-12,P0078,134,145.69
S00864,W008,Geraldport,2025-03-16,2025-03-19,P0036,126,67.23
S00865,W003,East Davidberg,2025-07-22,2025-07-31,P0019,173,146.06
S00866,W010,West David,2025-04-05,2025-04-07,P0077,107,78.08
S00867,W006,South Hannahville,2025-03-26,2025-04-03,P0061,64,74.33
S00868,W001,Port Toddchester,2025-03-19,2025-03-27,P0035,74,336.06
S00869,W002,North Antonio,2025-07-17,2025-07-21,P0009,80,232.28
S00870,W005,South Davidview,2025-03-19,2025-03-28,P0054,144,146.35
S00871,W005,West Elizabethville,2025-08-09,2025-08-13,P0007,33,452.73
S00872,W007,New Jamieborough,2025-04-15,2025-04-22,P0097,86,124.04
S00873,W006,Anthonyberg,2025-08-02,2025-08-10,P0062,131,290.98
S00874,W003,Stacystad,2025-05-18,2025-05-26,P0046,187,306.64
S00875,W001,Port Vincent,2025-07-30,2025-08-09,P0077,60,85.01
S00876,W010,New Ashley,2025-03-30,2025-04-03,P0042,180,493.87
S00877,W006,New Jayborough,2025-05-04,2025-05-06,P0020,127,470.22
S00878,W008,Port Amanda,2025-07-29,2025-08-05,P0015,182,232.87
S00879,W009,East Samanthafort,2025-05-21,2025-05-23,P0058,42,335.43
S00880,W010,South Emily,2025-03-31,2025-04-03,P0005,65,385.57
S00881,W004,Port Michael,2025-05-23,2025-05-31,P0090,149,398.47
S00882,W010,Lewisbury,2025-05-29,2025-06-06,P0028,99,144.39
S00883,W004,Port Traceyville,2025-06-09,2025-06-11,P0048,103,57.29
S00884,W005,New Derekstad,2025-07-25,2025-08-04,P0016,189,274.61
S00885,W008,Angelaton,2025-03-26,2025-04-03,P0053,100,208.5
S00886,W009,Tristanfurt,2025-05-05,2025-05-13,P0067,95,101.02
S00887,W003,Burkeport,2025-07-22,2025-07-31,P0055,105,129.6
S00888,W010,Perezchester,2025-05-06,2025-05-10,P0070,121,221.7
S00889,W007,Lopezland,2025-06-11,2025-06-17,P0090,168,472.06
S00890,W002,Harryfort,2025-07-19,2025-07-22,P0014,32,342.33
S00891,W010,South Samuelland,2025-04-03,2025-04-11,P0014,137,387.47
S00892,W010,South Richard,2025-07-03,2025-07-13,P0013,172,249.85
S00893,W010,Lake Saraburgh,2025-03-23,2025-03-25,P0086,84,433.27
S00894,W004,Theresamouth,2025-04-18,2025-04-23,P0100,126,298.21
S00895,W002,Martinezchester,2025-07-29,2025-08-03,P0061,41,207.78
S00896,W008,Ramirezshire,2025-07-04,2025-07-12,P0083,190,403.09
S00897,W007,Katelynfurt,2025-05-19,2025-05-21,P0048,67,278.4
S00898,W005,Estradafurt,2025-06-13,2025-06-19,P0040,116,352.99
S00899,W001,Dylanmouth,2025-03-31,2025-04-08,P0005,13,61.81
S00900,W006,West Tracybury,2025-07-11,2025-07-21,P0095,163,192.86
S00901,W003,North Cory,2025-03-21,2025-03-29,P0031,152,488.07
S00902,W004,South Erikaburgh,2025-05-24,2025-06-01,P0007,157,243.1
S00903,W007,Ericville,2025-08-05,2025-08-09,P0052,91,282.77
S00904,W007,Lake Karenfort,2025-06-09,2025-06-14,P0013,191,410.53
S00905,W009,West Ebony,2025-06-14,2025-06-17,P0081,157,402.93
S00906,W005,Amyside,2025-06-25,2025-07-05,P0021,92,141.69
S00907,W002,Port Anthonychester,2025-04-03,2025-04-05,P0056,12,333.0
S00908,W010,Colefurt,2025-06-04,2025-06-08,P0004,168,368.41
S00909,W002,Johnsonburgh,2025-06-27,2025-07-05,P0004,200,380.38
S00910,W008,Nicoleburgh,2025-06-14,2025-06-21,P0024,71,343.64
S00911,W004,Taylorfurt,2025-06-13,2025-06-19,P0025,147,428.21
S00912,W007,New Emilyside,2025-07-22,2025-07-28,P0085,23,173.73
S00913,W003,Alvarezburgh,2025-06-17,2025-06-19,P0082,158,440.12
S00914,W002,South Joseshire,2025-05-23,2025-06-01,P0077,41,98.18
S00915,W005,Katieport,2025-05-12,2025-05-18,P0024,33,84.82
S00916,W006,North Brittanyberg,2025-05-21,2025-05-26,P0051,35,270.97
S00917,W001,Lisashire,2025-03-16,2025-03-24,P0010,134,481.65
S00918,W002,Oscarchester,2025-05-17,2025-05-22,P0088,117,218.86
S00919,W006,Robertton,2025-07-17,2025-07-26,P0021,56,184.44
S00920,W003,East Jimmy,2025-05-10,2025-05-12,P0016,97,497.18
S00921,W008,Lake Cameronport,2025-04-02,2025-04-12,P0001,50,284.79
S00922,W005,Geoffreyside,2025-05-13,2025-05-16,P0025,165,63.3
S00923,W001,South Dianechester,2025-06-29,2025-07-09,P0066,49,147.34
S00924,W006,Adamsfort,2025-07-03,2025-07-06,P0028,17,197.39
S00925,W004,West Nicholasfurt,2025-05-12,2025-05-15,P0094,187,472.93
S00926,W005,Port Tracyborough,2025-05-15,2025-05-21,P0062,61,478.95
S00927,W006,Shawmouth,2025-04-12,2025-04-22,P0084,85,260.17
S00928,W008,Michaelchester,2025-04-19,2025-04-27,P0066,112,465.06
S00929,W005,Reidland,2025-06-23,2025-06-27,P0026,185,430.72
S00930,W005,West Joseph,2025-05-07,2025-05-15,P0014,159,406.92
S00931,W010,Ballardland,2025-07-28,2025-08-03,P0022,62,479.19
S00932,W008,New Matthewland,2025-06-28,2025-07-06,P0058,118,318.35
S00933,W005,Simmonsstad,2025-03-25,2025-04-01,P0080,37,323.28
S00934,W007,Williamport,2025-06-03,2025-06-08,P0073,100,218.28
S00935,W002,Jamesfurt,2025-04-28,2025-05-07,P0022,18,481.14
S00936,W005,Powersside,2025-04-15,2025-04-23,P0038,164,422.01
S00937,W009,Lake Jacquelineburgh,2025-07-01,2025-07-08,P0051,17,101.59
S00938,W006,Lewismouth,2025-05-02,2025-05-10,P0024,101,160.39
S00939,W004,Michaelton,2025-06-20,2025-06-27,P0048,47,400.78
S00940,W002,West Steven,2025-04-26,2025-04-28,P0041,186,54.91
S00941,W006,Lake Gina,2025-05-08,2025-05-13,P0060,155,407.86
S00942,W004,Jenkinsland,2025-07-12,2025-07-22,P0009,108,177.63
S00943,W004,Port Robert,2025-05-05,2025-05-15,P0028,36,302.43
S00944,W010,West Gloria,2025-04-25,2025-04-28,P0074,175,239.79
S00945,W007,Allenberg,2025-04-17,2025-04-24,P0041,60,138.71
S00946,W008,East Lauraport,2025-06-09,2025-06-18,P0006,80,239.56
S00947,W002,Castrochester,2025-05-31,2025-06-09,P0022,163,197.09
S00948,W007,East Erikberg,2025-03-16,2025-03-21,P0074,15,178.27
S00949,W010,Kristineview,2025-07-16,2025-07-18,P0060,82,108.98
S00950,W007,Lake Melissa,2025-07-29,2025-07-31,P0069,145,67.6
S00951,W001,Caseyton,2025-03-27,2025-03-30,P0061,34,423.43
S00952,W007,Carolynland,2025-05-29,2025-06-04,P0036,91,389.16
S00953,W007,Emilyland,2025-05-27,2025-05-30,P0072,90,272.22
S00954,W001,East Daniel,2025-07-31,2025-08-08,P0039,188,492.79
S00955,W008,New Elizabethshire,2025-08-08,2025-08-11,P0048,168,96.23
S00956,W004,Tylerland,2025-04-26,2025-04-28,P0002,45,97.31
S00957,W006,Port Lindsaymouth,2025-07-02,2025-07-10,P0029,53,89.61
S00958,W006,Shafferbury,2025-06-01,2025-06-11,P0001,186,440.61
S00959,W005,East Daniel,2025-04-21,2025-04-23,P0015,22,476.22
S00960,W002,Scottview,2025-07-03,2025-07-09,P0043,186,325.74
S00961,W007,South Amandaville,2025-05-11,2025-05-17,P0090,53,466.19
S00962,W010,Wellsbury,2025-05-03,2025-05-12,P0016,42,193.7
S00963,W003,West Thomas,2025-05-21,2025-05-29,P0082,124,350.71
S00964,W009,Andrewton,2025-08-01,2025-08-11,P0031,157,265.07
S00965,W008,Lake Samanthabury,2025-04-29,2025-05-05,P0042,197,267.22
S00966,W002,Parkerstad,2025-07-22,2025-07-28,P0099,85,370.12
S00967,W006,New Michellemouth,2025-05-25,2025-06-04,P0032,178,341.21
S00968,W004,South Saraview,2025-05-08,2025-05-11,P0010,136,77.12
S00969,W001,Port Katherineport,2025-04-20,2025-04-25,P0060,108,134.56
S00970,W002,South Crystal,2025-08-06,2025-08-13,P0027,161,392.72
S00971,W009,Mccormickview,2025-03-26,2025-04-02,P0098,89,368.83
S00972,W003,Ruizchester,2025-05-14,2025-05-24,P0014,43,148.45
S00973,W006,Mcdowellville,2025-04-11,2025-04-19,P0058,168,281.06
S00974,W007,Williamstad,2025-05-31,2025-06-05,P0009,81,240.39
S00975,W005,Shawntown,2025-08-05,2025-08-08,P0019,128,444.29
S00976,W002,Lake Darlenemouth,2025-07-13,2025-07-18,P0003,127,134.16
S00977,W001,North Richard,2025-07-11,2025-07-20,P0085,145,253.69
S00978,W005,Leeland,2025-04-01,2025-04-04,P0071,31,209.49
S00979,W004,East Zachary,2025-08-07,2025-08-11,P0051,138,243.88
S00980,W006,Port Brooke,2025-05-29,2025-05-31,P0057,79,216.4
S00981,W001,Shannonberg,2025-04-30,2025-05-08,P0094,118,137.27
S00982,W004,Lake Brittany,2025-05-13,2025-05-21,P0023,162,174.17
S00983,W010,Jameschester,2025-05-21,2025-05-30,P0067,120,99.13
S00984,W001,South Nancy,2025-06-29,2025-07-04,P0015,66,101.83
S00985,W001,North Stacy,2025-06-27,2025-07-03,P0031,26,289.46
S00986,W005,North Terri,2025-04-18,2025-04-23,P0080,189,372.12
S00987,W007,Jacquelineburgh,2025-03-20,2025-03-28,P0013,66,380.27
S00988,W005,Williamsonview,2025-04-08,2025-04-17,P0027,53,403.58
S00989,W006,West Georgeshire,2025-04-02,2025-04-08,P0091,162,179.59
S00990,W001,Lake Aliciamouth,2025-07-19,2025-07-22,P0024,138,458.5
S00991,W010,Wilsonborough,2025-04-17,2025-04-26,P0095,88,433.65
S00992,W004,Keithfort,2025-05-24,2025-05-28,P0041,184,81.25
S00993,W003,South Melissa,2025-07-05,2025-07-12,P0059,46,483.01
S00994,W008,Port Justin,2025-07-20,2025-07-28,P0043,15,129.88
S00995,W005,South Henry,2025-04-08,2025-04-11,P0022,183,392.12
S00996,W001,West Theresabury,2025-07-08,2025-07-15,P0061,159,50.45
S00997,W004,Solomonstad,2025-07-02,2025-07-11,P0015,21,418.52
S00998,W010,Millerfort,2025-04-05,2025-04-11,P0030,144,276.42
S00999,W003,Terrifurt,2025-07-22,2025-07-25,P0013,87,411.75
S01000,W006,Lake Patrick,2025-06-01,2025-06-10,P0063,198,207.85
