session_id,customer_id,page_visited,time_spent_seconds,timestamp
S5000,C2876,Checkout,495,2025-09-10 07:21:05
S5001,C2199,Product,423,2025-09-10 07:26:03
S5002,C2406,Home,341,2025-09-10 07:22:27
S5003,C2038,Home,423,2025-09-10 07:23:39
S5004,C2010,Cart,126,2025-09-10 07:25:03
S5005,C2256,Checkout,436,2025-09-10 07:21:28
S5006,C2117,Product,48,2025-09-10 07:20:49
S5007,C2726,Home,321,2025-09-10 07:24:39
S5008,C2939,Home,385,2025-09-10 07:25:45
S5009,C2139,Profile,149,2025-09-10 07:21:41
S5010,C2334,Cart,331,2025-09-10 07:20:49
S5011,C2686,Profile,367,2025-09-10 07:25:04
S5012,C2766,Checkout,54,2025-09-10 07:21:23
S5013,C2475,Product,69,2025-09-10 07:22:59
S5014,C2496,Checkout,359,2025-09-10 07:25:02
S5015,C2472,Product,168,2025-09-10 07:23:35
S5016,C2069,Home,145,2025-09-10 07:24:05
S5017,C2084,Home,132,2025-09-10 07:25:16
S5018,C2561,Product,402,2025-09-10 07:20:32
S5019,C2672,Checkout,467,2025-09-10 07:24:57
S5020,C2248,Checkout,191,2025-09-10 07:25:14
S5021,C2730,Cart,194,2025-09-10 07:24:45
S5022,C2972,Profile,392,2025-09-10 07:26:01
S5023,C2448,Product,433,2025-09-10 07:22:29
S5024,C2143,Checkout,288,2025-09-10 07:22:12
S5025,C2482,Home,241,2025-09-10 07:23:52
S5026,C2840,Checkout,198,2025-09-10 07:25:31
S5027,C2285,Checkout,291,2025-09-10 07:25:23
S5028,C2861,Cart,140,2025-09-10 07:24:49
S5029,C2165,Checkout,175,2025-09-10 07:22:39
S5030,C2174,Cart,163,2025-09-10 07:24:51
S5031,C2858,Home,205,2025-09-10 07:20:20
S5032,C2018,Home,491,2025-09-10 07:21:33
S5033,C2621,Home,561,2025-09-10 07:21:16
S5034,C2102,Home,587,2025-09-10 07:20:31
S5035,C2181,Home,508,2025-09-10 07:23:01
S5036,C2301,Checkout,375,2025-09-10 07:20:29
S5037,C2127,Profile,107,2025-09-10 07:25:21
S5038,C2547,Product,129,2025-09-10 07:26:06
S5039,C2759,Home,317,2025-09-10 07:22:09
S5040,C2400,Profile,462,2025-09-10 07:25:51
S5041,C2172,Profile,234,2025-09-10 07:24:49
S5042,C2079,Profile,201,2025-09-10 07:23:53
S5043,C2687,Checkout,427,2025-09-10 07:25:18
S5044,C2781,Cart,576,2025-09-10 07:26:06
S5045,C2011,Home,175,2025-09-10 07:22:20
S5046,C2693,Profile,386,2025-09-10 07:24:31
S5047,C2279,Product,177,2025-09-10 07:22:41
S5048,C2157,Checkout,457,2025-09-10 07:25:43
S5049,C2451,Checkout,354,2025-09-10 07:21:18
S5050,C2366,Checkout,498,2025-09-10 07:22:44
S5051,C2182,Cart,8,2025-09-10 07:25:22
S5052,C2221,Profile,97,2025-09-10 07:23:04
S5053,C2731,Product,10,2025-09-10 07:25:24
S5054,C2035,Home,292,2025-09-10 07:24:34
S5055,C2914,Cart,150,2025-09-10 07:24:55
S5056,C2691,Home,428,2025-09-10 07:25:34
S5057,C2545,Profile,461,2025-09-10 07:20:45
S5058,C2221,Product,206,2025-09-10 07:25:43
S5059,C2452,Checkout,216,2025-09-10 07:20:55
S5060,C2713,Home,10,2025-09-10 07:22:37
S5061,C2048,Checkout,380,2025-09-10 07:23:09
S5062,C2856,Profile,451,2025-09-10 07:24:03
S5063,C2650,Profile,110,2025-09-10 07:25:32
S5064,C2830,Profile,405,2025-09-10 07:24:51
S5065,C2535,Checkout,100,2025-09-10 07:24:31
S5066,C2656,Home,392,2025-09-10 07:24:06
S5067,C2678,Profile,456,2025-09-10 07:20:30
S5068,C2733,Profile,420,2025-09-10 07:26:07
S5069,C2675,Profile,508,2025-09-10 07:25:47
S5070,C2918,Home,458,2025-09-10 07:23:57
S5071,C2105,Product,295,2025-09-10 07:20:58
S5072,C2399,Home,538,2025-09-10 07:23:14
S5073,C2706,Product,197,2025-09-10 07:21:43
S5074,C2315,Profile,154,2025-09-10 07:22:12
S5075,C2454,Product,519,2025-09-10 07:24:50
S5076,C2053,Home,397,2025-09-10 07:23:37
S5077,C2612,Profile,320,2025-09-10 07:24:01
S5078,C2004,Checkout,80,2025-09-10 07:23:31
S5079,C2049,Cart,274,2025-09-10 07:24:16
S5080,C2790,Home,229,2025-09-10 07:21:52
S5081,C2386,Home,534,2025-09-10 07:24:48
S5082,C2785,Product,117,2025-09-10 07:25:48
S5083,C2206,Profile,255,2025-09-10 07:21:47
S5084,C2951,Product,237,2025-09-10 07:20:25
S5085,C2255,Product,87,2025-09-10 07:25:27
S5086,C2383,Home,129,2025-09-10 07:24:03
S5087,C2930,Profile,179,2025-09-10 07:22:32
S5088,C2244,Cart,73,2025-09-10 07:23:26
S5089,C2204,Home,51,2025-09-10 07:20:51
S5090,C2093,Home,260,2025-09-10 07:25:26
S5091,C2016,Home,34,2025-09-10 07:20:44
S5092,C2431,Profile,285,2025-09-10 07:25:33
S5093,C2028,Cart,241,2025-09-10 07:25:51
S5094,C2014,Cart,252,2025-09-10 07:24:08
S5095,C2345,Profile,372,2025-09-10 07:24:25
S5096,C2840,Product,499,2025-09-10 07:25:24
S5097,C2196,Checkout,29,2025-09-10 07:24:44
S5098,C2696,Home,590,2025-09-10 07:24:24
S5099,C2685,Product,494,2025-09-10 07:23:28
S5100,C2064,Cart,498,2025-09-10 07:24:49
S5101,C2225,Home,318,2025-09-10 07:21:28
S5102,C2981,Profile,379,2025-09-10 07:25:31
S5103,C2903,Cart,29,2025-09-10 07:25:06
S5104,C2098,Profile,338,2025-09-10 07:23:55
S5105,C2816,Checkout,359,2025-09-10 07:24:30
S5106,C2855,Product,120,2025-09-10 07:24:26
S5107,C2850,Profile,52,2025-09-10 07:21:30
S5108,C2680,Checkout,103,2025-09-10 07:21:18
S5109,C2171,Cart,463,2025-09-10 07:22:55
S5110,C2741,Profile,527,2025-09-10 07:24:36
S5111,C2171,Cart,409,2025-09-10 07:25:07
S5112,C2045,Profile,218,2025-09-10 07:21:52
S5113,C2425,Profile,507,2025-09-10 07:24:24
S5114,C2524,Profile,452,2025-09-10 07:20:31
S5115,C2110,Product,580,2025-09-10 07:25:41
S5116,C2835,Home,262,2025-09-10 07:24:44
S5117,C2334,Home,125,2025-09-10 07:22:54
S5118,C2330,Product,58,2025-09-10 07:26:00
S5119,C2575,Home,335,2025-09-10 07:24:40
S5120,C2641,Product,245,2025-09-10 07:20:12
S5121,C2194,Product,534,2025-09-10 07:23:36
S5122,C2639,Cart,487,2025-09-10 07:25:41
S5123,C2212,Product,191,2025-09-10 07:21:47
S5124,C2956,Product,266,2025-09-10 07:26:01
S5125,C2554,Profile,368,2025-09-10 07:25:32
S5126,C2404,Profile,495,2025-09-10 07:22:13
S5127,C2961,Product,435,2025-09-10 07:23:20
S5128,C2438,Profile,243,2025-09-10 07:20:38
S5129,C2123,Cart,308,2025-09-10 07:26:08
S5130,C2237,Cart,302,2025-09-10 07:22:29
S5131,C2218,Product,80,2025-09-10 07:20:27
S5132,C2108,Profile,337,2025-09-10 07:25:51
S5133,C2365,Checkout,478,2025-09-10 07:23:16
S5134,C2331,Home,287,2025-09-10 07:23:31
S5135,C2177,Profile,595,2025-09-10 07:23:27
S5136,C2015,Cart,76,2025-09-10 07:25:29
S5137,C2411,Cart,267,2025-09-10 07:23:01
S5138,C2669,Checkout,579,2025-09-10 07:26:03
S5139,C2323,Product,16,2025-09-10 07:24:05
S5140,C2012,Checkout,145,2025-09-10 07:25:03
S5141,C2398,Checkout,559,2025-09-10 07:20:31
S5142,C2217,Home,21,2025-09-10 07:20:27
S5143,C2469,Cart,67,2025-09-10 07:25:56
S5144,C2225,Checkout,257,2025-09-10 07:21:15
S5145,C2067,Product,469,2025-09-10 07:21:37
S5146,C2673,Profile,380,2025-09-10 07:22:35
S5147,C2834,Product,524,2025-09-10 07:24:49
S5148,C2285,Home,94,2025-09-10 07:21:42
S5149,C2665,Cart,179,2025-09-10 07:23:07
S5150,C2638,Product,80,2025-09-10 07:23:23
S5151,C2377,Cart,404,2025-09-10 07:22:29
S5152,C2044,Profile,75,2025-09-10 07:22:20
S5153,C2068,Profile,184,2025-09-10 07:21:45
S5154,C2906,Profile,128,2025-09-10 07:24:40
S5155,C2223,Product,385,2025-09-10 07:23:33
S5156,C2420,Checkout,297,2025-09-10 07:24:07
S5157,C2308,Product,199,2025-09-10 07:25:15
S5158,C2785,Cart,232,2025-09-10 07:23:33
S5159,C2613,Checkout,435,2025-09-10 07:21:52
S5160,C2511,Checkout,440,2025-09-10 07:21:23
S5161,C2104,Home,465,2025-09-10 07:23:12
S5162,C2729,Profile,25,2025-09-10 07:25:25
S5163,C2549,Product,68,2025-09-10 07:22:42
S5164,C2810,Home,169,2025-09-10 07:21:47
S5165,C2944,Cart,31,2025-09-10 07:25:38
S5166,C2870,Home,315,2025-09-10 07:22:18
S5167,C2582,Profile,289,2025-09-10 07:25:36
S5168,C2175,Home,285,2025-09-10 07:21:20
S5169,C2257,Profile,168,2025-09-10 07:26:01
S5170,C2982,Checkout,228,2025-09-10 07:24:44
S5171,C2097,Home,150,2025-09-10 07:25:06
S5172,C2614,Cart,34,2025-09-10 07:22:29
S5173,C2332,Home,49,2025-09-10 07:23:32
S5174,C2646,Cart,475,2025-09-10 07:22:05
S5175,C2713,Cart,38,2025-09-10 07:21:51
S5176,C2397,Cart,431,2025-09-10 07:24:51
S5177,C2694,Product,225,2025-09-10 07:25:05
S5178,C2946,Product,538,2025-09-10 07:21:04
S5179,C2995,Cart,371,2025-09-10 07:23:06
S5180,C2789,Home,554,2025-09-10 07:23:39
S5181,C2710,Home,586,2025-09-10 07:21:36
S5182,C2136,Checkout,120,2025-09-10 07:22:25
S5183,C2340,Product,243,2025-09-10 07:20:52
S5184,C2179,Checkout,339,2025-09-10 07:26:02
S5185,C2650,Home,445,2025-09-10 07:26:00
S5186,C2779,Home,152,2025-09-10 07:22:59
S5187,C2905,Product,13,2025-09-10 07:21:47
S5188,C2704,Profile,292,2025-09-10 07:24:44
S5189,C2325,Cart,392,2025-09-10 07:23:04
S5190,C2871,Profile,54,2025-09-10 07:24:19
S5191,C2682,Checkout,521,2025-09-10 07:21:43
S5192,C2493,Home,591,2025-09-10 07:23:07
S5193,C2069,Profile,282,2025-09-10 07:23:31
S5194,C2343,Cart,304,2025-09-10 07:21:37
S5195,C2018,Profile,593,2025-09-10 07:25:06
S5196,C2623,Cart,139,2025-09-10 07:21:39
S5197,C2933,Profile,584,2025-09-10 07:23:38
S5198,C2599,Cart,151,2025-09-10 07:25:13
S5199,C2459,Profile,494,2025-09-10 07:22:05
S5200,C2391,Home,482,2025-09-10 07:26:07
S5201,C2523,Home,163,2025-09-10 07:22:05
S5202,C2655,Product,388,2025-09-10 07:23:07
S5203,C2759,Cart,167,2025-09-10 07:24:43
S5204,C2238,Checkout,445,2025-09-10 07:25:23
S5205,C2515,Product,193,2025-09-10 07:26:03
S5206,C2601,Cart,419,2025-09-10 07:23:21
S5207,C2721,Profile,343,2025-09-10 07:21:04
S5208,C2013,Profile,185,2025-09-10 07:22:06
S5209,C2238,Profile,292,2025-09-10 07:24:30
S5210,C2021,Checkout,191,2025-09-10 07:21:06
S5211,C2631,Checkout,142,2025-09-10 07:24:58
S5212,C2777,Profile,134,2025-09-10 07:23:32
S5213,C2918,Product,198,2025-09-10 07:23:21
S5214,C2127,Cart,320,2025-09-10 07:23:19
S5215,C2316,Home,148,2025-09-10 07:20:25
S5216,C2242,Profile,20,2025-09-10 07:25:42
S5217,C2755,Product,306,2025-09-10 07:24:22
S5218,C2438,Product,427,2025-09-10 07:24:37
S5219,C2775,Product,249,2025-09-10 07:22:26
S5220,C2249,Checkout,111,2025-09-10 07:23:29
S5221,C2634,Profile,92,2025-09-10 07:24:58
S5222,C2081,Cart,133,2025-09-10 07:22:58
S5223,C2061,Home,345,2025-09-10 07:20:20
S5224,C2140,Cart,8,2025-09-10 07:25:24
S5225,C2383,Product,331,2025-09-10 07:22:56
S5226,C2510,Profile,414,2025-09-10 07:24:21
S5227,C2303,Checkout,310,2025-09-10 07:26:00
S5228,C2206,Checkout,229,2025-09-10 07:22:39
S5229,C2155,Product,352,2025-09-10 07:22:25
S5230,C2384,Checkout,325,2025-09-10 07:22:06
S5231,C2209,Cart,563,2025-09-10 07:20:15
S5232,C2657,Checkout,185,2025-09-10 07:21:51
S5233,C2038,Profile,390,2025-09-10 07:22:48
S5234,C2243,Cart,112,2025-09-10 07:25:33
S5235,C2945,Cart,535,2025-09-10 07:25:31
S5236,C2742,Checkout,414,2025-09-10 07:21:13
S5237,C2612,Profile,300,2025-09-10 07:25:57
S5238,C2968,Product,175,2025-09-10 07:24:34
S5239,C2454,Cart,335,2025-09-10 07:25:07
S5240,C2756,Home,497,2025-09-10 07:20:50
S5241,C2898,Cart,199,2025-09-10 07:21:09
S5242,C2336,Checkout,16,2025-09-10 07:24:18
S5243,C2137,Cart,199,2025-09-10 07:25:18
S5244,C2284,Home,494,2025-09-10 07:24:19
S5245,C2325,Home,186,2025-09-10 07:21:36
S5246,C2659,Home,320,2025-09-10 07:20:36
S5247,C2805,Product,34,2025-09-10 07:21:53
S5248,C2778,Home,100,2025-09-10 07:24:39
S5249,C2040,Product,385,2025-09-10 07:26:12
S5250,C2533,Profile,448,2025-09-10 07:23:02
S5251,C2810,Home,302,2025-09-10 07:25:09
S5252,C2424,Home,365,2025-09-10 07:22:12
S5253,C2663,Cart,378,2025-09-10 07:22:29
S5254,C2832,Profile,558,2025-09-10 07:20:31
S5255,C2295,Checkout,307,2025-09-10 07:20:56
S5256,C2768,Home,425,2025-09-10 07:23:18
S5257,C2024,Checkout,250,2025-09-10 07:21:59
S5258,C2234,Profile,241,2025-09-10 07:23:33
S5259,C2867,Product,538,2025-09-10 07:22:49
S5260,C2750,Checkout,189,2025-09-10 07:20:57
S5261,C2339,Checkout,472,2025-09-10 07:22:58
S5262,C2350,Profile,367,2025-09-10 07:22:42
S5263,C2248,Profile,287,2025-09-10 07:24:04
S5264,C2210,Home,557,2025-09-10 07:21:07
S5265,C2552,Checkout,340,2025-09-10 07:22:59
S5266,C2055,Home,166,2025-09-10 07:22:59
S5267,C2928,Profile,164,2025-09-10 07:21:55
S5268,C2939,Product,478,2025-09-10 07:21:06
S5269,C2680,Home,326,2025-09-10 07:22:02
S5270,C2254,Checkout,16,2025-09-10 07:21:40
S5271,C2820,Profile,428,2025-09-10 07:23:19
S5272,C2703,Cart,77,2025-09-10 07:25:29
S5273,C2712,Product,592,2025-09-10 07:22:01
S5274,C2736,Profile,205,2025-09-10 07:23:46
S5275,C2227,Profile,526,2025-09-10 07:24:15
S5276,C2622,Home,509,2025-09-10 07:24:40
S5277,C2893,Profile,43,2025-09-10 07:21:01
S5278,C2390,Checkout,64,2025-09-10 07:22:13
S5279,C2533,Product,582,2025-09-10 07:23:50
S5280,C2329,Profile,325,2025-09-10 07:24:01
S5281,C2187,Product,439,2025-09-10 07:22:54
S5282,C2452,Product,412,2025-09-10 07:20:35
S5283,C2644,Home,390,2025-09-10 07:20:20
S5284,C2006,Cart,573,2025-09-10 07:25:29
S5285,C2066,Product,82,2025-09-10 07:22:28
S5286,C2890,Profile,198,2025-09-10 07:21:28
S5287,C2503,Cart,289,2025-09-10 07:26:08
S5288,C2071,Home,531,2025-09-10 07:25:41
S5289,C2976,Checkout,528,2025-09-10 07:21:07
S5290,C2197,Checkout,160,2025-09-10 07:22:37
S5291,C2053,Checkout,344,2025-09-10 07:20:56
S5292,C2649,Product,129,2025-09-10 07:20:30
S5293,C2144,Cart,284,2025-09-10 07:23:13
S5294,C2960,Home,132,2025-09-10 07:21:42
S5295,C2209,Cart,318,2025-09-10 07:24:05
S5296,C2128,Product,336,2025-09-10 07:23:28
S5297,C2093,Profile,154,2025-09-10 07:25:27
S5298,C2177,Home,458,2025-09-10 07:24:42
S5299,C2606,Cart,40,2025-09-10 07:21:14
S5300,C2562,Cart,424,2025-09-10 07:26:08
S5301,C2851,Checkout,26,2025-09-10 07:25:14
S5302,C2814,Cart,210,2025-09-10 07:24:40
S5303,C2954,Cart,360,2025-09-10 07:24:14
S5304,C2209,Product,444,2025-09-10 07:24:59
S5305,C2241,Home,100,2025-09-10 07:20:42
S5306,C2519,Profile,168,2025-09-10 07:25:21
S5307,C2080,Checkout,152,2025-09-10 07:21:19
S5308,C2436,Product,534,2025-09-10 07:24:16
S5309,C2742,Cart,298,2025-09-10 07:20:15
S5310,C2478,Profile,199,2025-09-10 07:22:31
S5311,C2318,Home,484,2025-09-10 07:23:16
S5312,C2168,Checkout,127,2025-09-10 07:21:18
S5313,C2738,Profile,404,2025-09-10 07:22:12
S5314,C2202,Checkout,456,2025-09-10 07:24:35
S5315,C2250,Home,108,2025-09-10 07:24:41
S5316,C2434,Cart,466,2025-09-10 07:24:57
S5317,C2180,Home,400,2025-09-10 07:23:10
S5318,C2620,Profile,341,2025-09-10 07:23:37
S5319,C2254,Checkout,146,2025-09-10 07:21:35
S5320,C2310,Cart,321,2025-09-10 07:21:22
S5321,C2292,Cart,562,2025-09-10 07:23:01
S5322,C2590,Cart,531,2025-09-10 07:24:57
S5323,C2459,Home,560,2025-09-10 07:23:51
S5324,C2990,Home,405,2025-09-10 07:23:45
S5325,C2650,Cart,314,2025-09-10 07:20:41
S5326,C2206,Product,499,2025-09-10 07:22:58
S5327,C2278,Checkout,560,2025-09-10 07:25:10
S5328,C2883,Cart,113,2025-09-10 07:24:31
S5329,C2800,Home,376,2025-09-10 07:23:44
S5330,C2492,Home,210,2025-09-10 07:24:02
S5331,C2081,Checkout,47,2025-09-10 07:24:47
S5332,C2973,Checkout,249,2025-09-10 07:23:58
S5333,C2995,Product,291,2025-09-10 07:22:35
S5334,C2368,Home,359,2025-09-10 07:22:44
S5335,C2407,Profile,480,2025-09-10 07:21:37
S5336,C2386,Profile,87,2025-09-10 07:21:22
S5337,C2171,Product,114,2025-09-10 07:24:24
S5338,C2482,Checkout,194,2025-09-10 07:23:04
S5339,C2451,Home,255,2025-09-10 07:24:33
S5340,C2432,Checkout,295,2025-09-10 07:23:04
S5341,C2517,Home,205,2025-09-10 07:25:54
S5342,C2624,Product,330,2025-09-10 07:22:35
S5343,C2752,Cart,515,2025-09-10 07:24:49
S5344,C2443,Product,413,2025-09-10 07:25:35
S5345,C2778,Checkout,512,2025-09-10 07:23:05
S5346,C2159,Checkout,76,2025-09-10 07:25:13
S5347,C2839,Cart,251,2025-09-10 07:23:48
S5348,C2976,Cart,591,2025-09-10 07:23:18
S5349,C2812,Cart,570,2025-09-10 07:22:54
S5350,C2493,Checkout,348,2025-09-10 07:25:26
S5351,C2020,Product,58,2025-09-10 07:22:39
S5352,C2780,Profile,532,2025-09-10 07:21:43
S5353,C2390,Cart,536,2025-09-10 07:24:29
S5354,C2437,Home,562,2025-09-10 07:21:17
S5355,C2874,Checkout,197,2025-09-10 07:22:47
S5356,C2085,Checkout,62,2025-09-10 07:25:26
S5357,C2777,Product,441,2025-09-10 07:21:12
S5358,C2928,Product,115,2025-09-10 07:20:54
S5359,C2943,Cart,133,2025-09-10 07:26:06
S5360,C2307,Checkout,330,2025-09-10 07:23:51
S5361,C2609,Home,12,2025-09-10 07:23:02
S5362,C2550,Cart,33,2025-09-10 07:20:25
S5363,C2156,Product,116,2025-09-10 07:21:21
S5364,C2566,Home,135,2025-09-10 07:20:15
S5365,C2744,Product,192,2025-09-10 07:20:32
S5366,C2179,Cart,479,2025-09-10 07:20:33
S5367,C2263,Home,368,2025-09-10 07:21:31
S5368,C2389,Product,208,2025-09-10 07:22:49
S5369,C2474,Checkout,216,2025-09-10 07:23:22
S5370,C2313,Checkout,280,2025-09-10 07:25:39
S5371,C2464,Cart,77,2025-09-10 07:22:09
S5372,C2290,Home,247,2025-09-10 07:25:12
S5373,C2384,Product,106,2025-09-10 07:25:43
S5374,C2575,Product,175,2025-09-10 07:22:10
S5375,C2620,Checkout,192,2025-09-10 07:20:49
S5376,C2492,Cart,445,2025-09-10 07:22:13
S5377,C2073,Home,90,2025-09-10 07:21:19
S5378,C2341,Checkout,480,2025-09-10 07:25:41
S5379,C2139,Checkout,56,2025-09-10 07:21:11
S5380,C2732,Profile,115,2025-09-10 07:22:58
S5381,C2480,Checkout,47,2025-09-10 07:22:54
S5382,C2200,Product,215,2025-09-10 07:20:47
S5383,C2158,Cart,204,2025-09-10 07:21:58
S5384,C2938,Checkout,30,2025-09-10 07:20:14
S5385,C2194,Profile,303,2025-09-10 07:22:57
S5386,C2004,Checkout,81,2025-09-10 07:23:06
S5387,C2013,Product,141,2025-09-10 07:24:18
S5388,C2882,Home,24,2025-09-10 07:20:29
S5389,C2512,Home,444,2025-09-10 07:24:39
S5390,C2747,Home,215,2025-09-10 07:21:56
S5391,C2742,Product,555,2025-09-10 07:25:36
S5392,C2383,Product,439,2025-09-10 07:25:36
S5393,C2503,Cart,211,2025-09-10 07:23:49
S5394,C2414,Profile,443,2025-09-10 07:24:56
S5395,C2947,Home,46,2025-09-10 07:21:45
S5396,C2425,Product,415,2025-09-10 07:26:01
S5397,C2962,Home,527,2025-09-10 07:21:03
S5398,C2404,Cart,431,2025-09-10 07:22:37
S5399,C2993,Checkout,279,2025-09-10 07:22:47
S5400,C2760,Profile,452,2025-09-10 07:22:37
S5401,C2382,Home,373,2025-09-10 07:24:38
S5402,C2393,Checkout,224,2025-09-10 07:24:40
S5403,C2501,Checkout,581,2025-09-10 07:25:27
S5404,C2315,Cart,236,2025-09-10 07:23:28
S5405,C2656,Cart,332,2025-09-10 07:23:29
S5406,C2602,Checkout,447,2025-09-10 07:25:12
S5407,C2072,Home,56,2025-09-10 07:25:29
S5408,C2418,Checkout,380,2025-09-10 07:24:23
S5409,C2906,Product,267,2025-09-10 07:21:25
S5410,C2039,Profile,271,2025-09-10 07:24:27
S5411,C2943,Product,363,2025-09-10 07:26:05
S5412,C2127,Profile,321,2025-09-10 07:22:05
S5413,C2394,Product,328,2025-09-10 07:23:48
S5414,C2954,Product,567,2025-09-10 07:24:01
S5415,C2579,Cart,425,2025-09-10 07:25:38
S5416,C2166,Home,50,2025-09-10 07:23:57
S5417,C2198,Cart,273,2025-09-10 07:22:41
S5418,C2781,Product,385,2025-09-10 07:25:41
S5419,C2446,Checkout,122,2025-09-10 07:23:43
S5420,C2980,Product,570,2025-09-10 07:21:28
S5421,C2261,Checkout,120,2025-09-10 07:20:15
S5422,C2789,Home,264,2025-09-10 07:21:18
S5423,C2935,Profile,79,2025-09-10 07:23:19
S5424,C2769,Profile,484,2025-09-10 07:24:35
S5425,C2739,Product,309,2025-09-10 07:26:12
S5426,C2356,Product,11,2025-09-10 07:21:37
S5427,C2521,Profile,370,2025-09-10 07:23:20
S5428,C2726,Product,527,2025-09-10 07:22:39
S5429,C2500,Product,352,2025-09-10 07:21:59
S5430,C2650,Home,442,2025-09-10 07:20:47
S5431,C2705,Product,219,2025-09-10 07:24:41
S5432,C2377,Checkout,433,2025-09-10 07:22:03
S5433,C2713,Home,502,2025-09-10 07:21:40
S5434,C2059,Cart,544,2025-09-10 07:24:50
S5435,C2666,Product,371,2025-09-10 07:21:06
S5436,C2394,Product,317,2025-09-10 07:21:20
S5437,C2948,Checkout,542,2025-09-10 07:21:49
S5438,C2434,Home,58,2025-09-10 07:20:44
S5439,C2753,Profile,545,2025-09-10 07:21:16
S5440,C2252,Product,471,2025-09-10 07:21:54
S5441,C2248,Home,168,2025-09-10 07:25:22
S5442,C2489,Home,338,2025-09-10 07:21:25
S5443,C2035,Checkout,551,2025-09-10 07:25:42
S5444,C2943,Checkout,352,2025-09-10 07:20:15
S5445,C2832,Profile,277,2025-09-10 07:25:32
S5446,C2370,Cart,418,2025-09-10 07:22:48
S5447,C2646,Product,504,2025-09-10 07:25:31
S5448,C2723,Product,97,2025-09-10 07:20:59
S5449,C2692,Cart,83,2025-09-10 07:20:42
S5450,C2028,Checkout,221,2025-09-10 07:23:25
S5451,C2714,Checkout,362,2025-09-10 07:20:16
S5452,C2681,Home,511,2025-09-10 07:20:58
S5453,C2660,Profile,563,2025-09-10 07:24:38
S5454,C2151,Checkout,185,2025-09-10 07:22:17
S5455,C2267,Home,580,2025-09-10 07:23:44
S5456,C2619,Cart,250,2025-09-10 07:22:26
S5457,C2466,Home,248,2025-09-10 07:24:22
S5458,C2966,Cart,510,2025-09-10 07:21:33
S5459,C2697,Cart,426,2025-09-10 07:21:56
S5460,C2150,Cart,324,2025-09-10 07:24:55
S5461,C2260,Cart,91,2025-09-10 07:24:09
S5462,C2253,Checkout,221,2025-09-10 07:23:08
S5463,C2616,Product,494,2025-09-10 07:20:24
S5464,C2592,Cart,523,2025-09-10 07:24:44
S5465,C2974,Home,282,2025-09-10 07:21:36
S5466,C2678,Product,173,2025-09-10 07:24:13
S5467,C2861,Home,334,2025-09-10 07:23:38
S5468,C2165,Home,445,2025-09-10 07:24:37
S5469,C2012,Home,395,2025-09-10 07:20:56
S5470,C2119,Cart,500,2025-09-10 07:25:52
S5471,C2789,Product,385,2025-09-10 07:24:05
S5472,C2094,Cart,310,2025-09-10 07:21:42
S5473,C2659,Checkout,517,2025-09-10 07:21:44
S5474,C2728,Cart,192,2025-09-10 07:23:11
S5475,C2938,Profile,520,2025-09-10 07:24:17
S5476,C2393,Home,431,2025-09-10 07:24:09
S5477,C2407,Checkout,506,2025-09-10 07:22:56
S5478,C2723,Product,264,2025-09-10 07:22:25
S5479,C2600,Cart,517,2025-09-10 07:23:17
S5480,C2997,Checkout,75,2025-09-10 07:24:59
S5481,C2922,Cart,482,2025-09-10 07:25:33
S5482,C2082,Cart,182,2025-09-10 07:22:28
S5483,C2530,Cart,461,2025-09-10 07:24:19
S5484,C2931,Home,193,2025-09-10 07:21:21
S5485,C2193,Home,295,2025-09-10 07:23:26
S5486,C2897,Home,524,2025-09-10 07:21:31
S5487,C2433,Profile,296,2025-09-10 07:25:04
S5488,C2169,Product,287,2025-09-10 07:20:28
S5489,C2849,Cart,548,2025-09-10 07:22:58
S5490,C2437,Cart,381,2025-09-10 07:21:24
S5491,C2258,Cart,160,2025-09-10 07:25:28
S5492,C2708,Profile,512,2025-09-10 07:20:58
S5493,C2309,Profile,417,2025-09-10 07:24:33
S5494,C2512,Profile,532,2025-09-10 07:25:54
S5495,C2990,Cart,359,2025-09-10 07:24:04
S5496,C2545,Product,563,2025-09-10 07:23:27
S5497,C2674,Cart,191,2025-09-10 07:25:48
S5498,C2907,Product,35,2025-09-10 07:24:55
S5499,C2391,Profile,264,2025-09-10 07:22:15
S5500,C2600,Checkout,425,2025-09-10 07:21:04
S5501,C2315,Home,533,2025-09-10 07:23:32
S5502,C2751,Home,555,2025-09-10 07:20:39
S5503,C2421,Product,308,2025-09-10 07:24:53
S5504,C2770,Profile,43,2025-09-10 07:21:45
S5505,C2897,Home,493,2025-09-10 07:23:57
S5506,C2946,Home,546,2025-09-10 07:21:13
S5507,C2745,Profile,282,2025-09-10 07:25:42
S5508,C2890,Product,207,2025-09-10 07:24:12
S5509,C2091,Product,70,2025-09-10 07:21:41
S5510,C2111,Checkout,112,2025-09-10 07:20:44
S5511,C2651,Home,272,2025-09-10 07:24:06
S5512,C2586,Home,226,2025-09-10 07:26:03
S5513,C2795,Profile,534,2025-09-10 07:22:02
S5514,C2816,Profile,94,2025-09-10 07:21:53
S5515,C2352,Cart,259,2025-09-10 07:23:58
S5516,C2833,Cart,459,2025-09-10 07:22:03
S5517,C2146,Checkout,257,2025-09-10 07:25:01
S5518,C2275,Product,261,2025-09-10 07:25:47
S5519,C2766,Profile,387,2025-09-10 07:25:10
S5520,C2214,Product,446,2025-09-10 07:21:47
S5521,C2952,Home,94,2025-09-10 07:20:26
S5522,C2766,Product,394,2025-09-10 07:22:58
S5523,C2407,Product,586,2025-09-10 07:21:45
S5524,C2715,Checkout,48,2025-09-10 07:21:40
S5525,C2315,Profile,23,2025-09-10 07:21:31
S5526,C2006,Cart,105,2025-09-10 07:25:07
S5527,C2172,Profile,361,2025-09-10 07:25:02
S5528,C2835,Cart,546,2025-09-10 07:25:26
S5529,C2503,Cart,37,2025-09-10 07:22:01
S5530,C2001,Checkout,233,2025-09-10 07:23:42
S5531,C2099,Home,528,2025-09-10 07:21:39
S5532,C2071,Checkout,159,2025-09-10 07:21:03
S5533,C2792,Home,427,2025-09-10 07:23:50
S5534,C2713,Checkout,250,2025-09-10 07:22:59
S5535,C2427,Checkout,409,2025-09-10 07:25:48
S5536,C2537,Profile,545,2025-09-10 07:25:11
S5537,C2426,Profile,165,2025-09-10 07:20:50
S5538,C2670,Home,121,2025-09-10 07:25:39
S5539,C2295,Product,275,2025-09-10 07:22:47
S5540,C2750,Profile,491,2025-09-10 07:22:12
S5541,C2441,Cart,176,2025-09-10 07:24:55
S5542,C2174,Product,278,2025-09-10 07:24:53
S5543,C2180,Cart,263,2025-09-10 07:21:25
S5544,C2383,Home,139,2025-09-10 07:22:13
S5545,C2190,Profile,426,2025-09-10 07:21:37
S5546,C2720,Home,425,2025-09-10 07:22:58
S5547,C2137,Product,190,2025-09-10 07:25:46
S5548,C2202,Checkout,368,2025-09-10 07:23:18
S5549,C2498,Checkout,382,2025-09-10 07:26:11
S5550,C2186,Profile,527,2025-09-10 07:22:17
S5551,C2514,Profile,584,2025-09-10 07:25:07
S5552,C2971,Home,200,2025-09-10 07:24:48
S5553,C2112,Product,102,2025-09-10 07:21:56
S5554,C2461,Checkout,26,2025-09-10 07:22:55
S5555,C2580,Profile,454,2025-09-10 07:24:56
S5556,C2833,Checkout,176,2025-09-10 07:22:49
S5557,C2217,Profile,387,2025-09-10 07:22:28
S5558,C2190,Checkout,138,2025-09-10 07:23:45
S5559,C2205,Checkout,430,2025-09-10 07:21:14
S5560,C2060,Profile,29,2025-09-10 07:24:22
S5561,C2767,Cart,507,2025-09-10 07:25:42
S5562,C2187,Product,189,2025-09-10 07:24:09
S5563,C2828,Product,89,2025-09-10 07:24:24
S5564,C2777,Home,571,2025-09-10 07:22:04
S5565,C2196,Product,148,2025-09-10 07:21:34
S5566,C2265,Profile,416,2025-09-10 07:23:33
S5567,C2923,Product,228,2025-09-10 07:22:40
S5568,C2892,Profile,224,2025-09-10 07:22:18
S5569,C2418,Home,183,2025-09-10 07:20:22
S5570,C2451,Profile,437,2025-09-10 07:25:04
S5571,C2641,Checkout,269,2025-09-10 07:23:02
S5572,C2934,Profile,433,2025-09-10 07:22:25
S5573,C2639,Profile,420,2025-09-10 07:22:21
S5574,C2111,Cart,457,2025-09-10 07:25:07
S5575,C2889,Cart,201,2025-09-10 07:24:27
S5576,C2651,Product,558,2025-09-10 07:25:24
S5577,C2170,Cart,57,2025-09-10 07:21:11
S5578,C2081,Cart,484,2025-09-10 07:21:44
S5579,C2300,Profile,447,2025-09-10 07:24:00
S5580,C2087,Home,334,2025-09-10 07:25:21
S5581,C2386,Product,255,2025-09-10 07:25:10
S5582,C2127,Product,127,2025-09-10 07:23:56
S5583,C2283,Home,391,2025-09-10 07:20:13
S5584,C2065,Profile,343,2025-09-10 07:21:47
S5585,C2350,Product,352,2025-09-10 07:25:04
S5586,C2030,Cart,33,2025-09-10 07:21:41
S5587,C2599,Home,39,2025-09-10 07:23:57
S5588,C2240,Product,522,2025-09-10 07:20:47
S5589,C2489,Cart,400,2025-09-10 07:21:34
S5590,C2496,Product,298,2025-09-10 07:20:40
S5591,C2688,Cart,593,2025-09-10 07:23:01
S5592,C2778,Home,353,2025-09-10 07:22:18
S5593,C2103,Product,151,2025-09-10 07:25:53
S5594,C2009,Product,71,2025-09-10 07:25:17
S5595,C2062,Profile,524,2025-09-10 07:24:11
S5596,C2272,Home,126,2025-09-10 07:24:41
S5597,C2769,Home,344,2025-09-10 07:24:26
S5598,C2978,Cart,179,2025-09-10 07:21:09
S5599,C2007,Profile,455,2025-09-10 07:22:01
S5600,C2681,Cart,561,2025-09-10 07:24:23
S5601,C2596,Cart,140,2025-09-10 07:22:59
S5602,C2808,Home,20,2025-09-10 07:21:22
S5603,C2042,Profile,337,2025-09-10 07:25:08
S5604,C2099,Cart,199,2025-09-10 07:24:57
S5605,C2216,Product,500,2025-09-10 07:24:37
S5606,C2534,Checkout,13,2025-09-10 07:22:16
S5607,C2810,Profile,338,2025-09-10 07:21:18
S5608,C2007,Cart,337,2025-09-10 07:21:28
S5609,C2384,Cart,331,2025-09-10 07:20:26
S5610,C2617,Home,19,2025-09-10 07:25:57
S5611,C2532,Home,230,2025-09-10 07:21:02
S5612,C2985,Cart,429,2025-09-10 07:21:20
S5613,C2779,Product,412,2025-09-10 07:23:18
S5614,C2272,Cart,117,2025-09-10 07:23:35
S5615,C2954,Product,432,2025-09-10 07:20:39
S5616,C2497,Cart,5,2025-09-10 07:24:52
S5617,C2484,Home,270,2025-09-10 07:21:48
S5618,C2775,Profile,495,2025-09-10 07:21:40
S5619,C2345,Profile,212,2025-09-10 07:20:31
S5620,C2618,Home,373,2025-09-10 07:20:34
S5621,C2439,Checkout,310,2025-09-10 07:22:27
S5622,C2344,Cart,16,2025-09-10 07:24:55
S5623,C2379,Profile,349,2025-09-10 07:24:22
S5624,C2698,Profile,469,2025-09-10 07:25:22
S5625,C2911,Product,498,2025-09-10 07:26:03
S5626,C2351,Checkout,372,2025-09-10 07:24:10
S5627,C2322,Product,424,2025-09-10 07:24:37
S5628,C2836,Cart,175,2025-09-10 07:24:29
S5629,C2245,Cart,138,2025-09-10 07:24:31
S5630,C2963,Product,431,2025-09-10 07:25:03
S5631,C2369,Profile,29,2025-09-10 07:23:56
S5632,C2681,Checkout,534,2025-09-10 07:23:10
S5633,C2408,Product,194,2025-09-10 07:26:02
S5634,C2387,Checkout,145,2025-09-10 07:21:59
S5635,C2625,Product,559,2025-09-10 07:26:06
S5636,C2058,Checkout,319,2025-09-10 07:26:12
S5637,C2998,Cart,448,2025-09-10 07:23:22
S5638,C2364,Product,323,2025-09-10 07:25:53
S5639,C2894,Checkout,445,2025-09-10 07:24:35
S5640,C2338,Home,96,2025-09-10 07:23:14
S5641,C2825,Checkout,183,2025-09-10 07:21:46
S5642,C2102,Product,60,2025-09-10 07:22:13
S5643,C2003,Checkout,159,2025-09-10 07:25:38
S5644,C2467,Product,115,2025-09-10 07:24:45
S5645,C2891,Product,141,2025-09-10 07:23:33
S5646,C2715,Product,236,2025-09-10 07:20:43
S5647,C2411,Profile,472,2025-09-10 07:20:32
S5648,C2742,Checkout,485,2025-09-10 07:21:55
S5649,C2855,Product,72,2025-09-10 07:20:20
S5650,C2909,Cart,253,2025-09-10 07:22:34
S5651,C2947,Home,327,2025-09-10 07:22:46
S5652,C2142,Cart,522,2025-09-10 07:22:12
S5653,C2026,Product,436,2025-09-10 07:23:30
S5654,C2616,Product,491,2025-09-10 07:25:42
S5655,C2125,Checkout,433,2025-09-10 07:20:53
S5656,C2889,Profile,273,2025-09-10 07:25:05
S5657,C2543,Product,541,2025-09-10 07:25:05
S5658,C2286,Home,152,2025-09-10 07:22:56
S5659,C2973,Product,122,2025-09-10 07:21:08
S5660,C2716,Home,371,2025-09-10 07:24:07
S5661,C2769,Checkout,70,2025-09-10 07:20:46
S5662,C2834,Product,374,2025-09-10 07:23:09
S5663,C2254,Checkout,179,2025-09-10 07:21:35
S5664,C2377,Checkout,592,2025-09-10 07:21:59
S5665,C2462,Home,499,2025-09-10 07:25:04
S5666,C2633,Profile,118,2025-09-10 07:20:59
S5667,C2702,Product,115,2025-09-10 07:20:23
S5668,C2674,Home,443,2025-09-10 07:21:28
S5669,C2890,Profile,151,2025-09-10 07:25:41
S5670,C2486,Home,39,2025-09-10 07:25:07
S5671,C2527,Checkout,313,2025-09-10 07:21:37
S5672,C2423,Checkout,542,2025-09-10 07:25:12
S5673,C2676,Home,18,2025-09-10 07:23:10
S5674,C2192,Home,378,2025-09-10 07:25:51
S5675,C2003,Home,561,2025-09-10 07:20:24
S5676,C2653,Home,432,2025-09-10 07:20:59
S5677,C2980,Product,237,2025-09-10 07:22:47
S5678,C2964,Product,567,2025-09-10 07:21:53
S5679,C2832,Home,444,2025-09-10 07:24:16
S5680,C2329,Cart,506,2025-09-10 07:22:33
S5681,C2017,Product,279,2025-09-10 07:25:46
S5682,C2648,Profile,80,2025-09-10 07:24:33
S5683,C2368,Home,443,2025-09-10 07:21:50
S5684,C2894,Home,293,2025-09-10 07:20:41
S5685,C2046,Home,544,2025-09-10 07:25:25
S5686,C2992,Profile,257,2025-09-10 07:21:52
S5687,C2826,Cart,130,2025-09-10 07:20:14
S5688,C2753,Home,181,2025-09-10 07:25:07
S5689,C2333,Product,41,2025-09-10 07:23:44
S5690,C2694,Product,414,2025-09-10 07:24:12
S5691,C2454,Checkout,131,2025-09-10 07:20:54
S5692,C2239,Profile,487,2025-09-10 07:21:59
S5693,C2621,Checkout,172,2025-09-10 07:26:03
S5694,C2496,Product,596,2025-09-10 07:25:15
S5695,C2409,Cart,298,2025-09-10 07:24:27
S5696,C2756,Cart,347,2025-09-10 07:20:59
S5697,C2627,Checkout,314,2025-09-10 07:25:23
S5698,C2813,Product,532,2025-09-10 07:21:10
S5699,C2083,Product,544,2025-09-10 07:21:26
S5700,C2356,Home,423,2025-09-10 07:23:35
S5701,C2438,Profile,448,2025-09-10 07:20:36
S5702,C2961,Cart,562,2025-09-10 07:25:36
S5703,C2953,Profile,240,2025-09-10 07:21:29
S5704,C2964,Home,443,2025-09-10 07:21:29
S5705,C2953,Home,218,2025-09-10 07:21:11
S5706,C2487,Home,89,2025-09-10 07:21:58
S5707,C2674,Home,89,2025-09-10 07:21:32
S5708,C2877,Profile,493,2025-09-10 07:21:12
S5709,C2716,Cart,69,2025-09-10 07:26:03
S5710,C2926,Home,68,2025-09-10 07:26:10
S5711,C2102,Profile,347,2025-09-10 07:24:07
S5712,C2751,Checkout,356,2025-09-10 07:23:41
S5713,C2394,Product,162,2025-09-10 07:24:10
S5714,C2300,Home,593,2025-09-10 07:25:50
S5715,C2621,Product,495,2025-09-10 07:21:23
S5716,C2199,Home,467,2025-09-10 07:20:39
S5717,C2729,Product,229,2025-09-10 07:21:10
S5718,C2146,Checkout,317,2025-09-10 07:25:22
S5719,C2890,Checkout,470,2025-09-10 07:25:56
S5720,C2532,Product,92,2025-09-10 07:20:57
S5721,C2897,Cart,307,2025-09-10 07:21:11
S5722,C2585,Cart,439,2025-09-10 07:21:09
S5723,C2803,Product,139,2025-09-10 07:23:27
S5724,C2877,Checkout,54,2025-09-10 07:23:38
S5725,C2733,Home,436,2025-09-10 07:21:05
S5726,C2516,Checkout,344,2025-09-10 07:21:18
S5727,C2032,Product,351,2025-09-10 07:21:44
S5728,C2130,Home,351,2025-09-10 07:20:33
S5729,C2509,Product,249,2025-09-10 07:21:13
S5730,C2815,Home,113,2025-09-10 07:25:28
S5731,C2089,Cart,537,2025-09-10 07:20:28
S5732,C2308,Cart,94,2025-09-10 07:24:00
S5733,C2852,Home,300,2025-09-10 07:21:21
S5734,C2689,Profile,116,2025-09-10 07:23:07
S5735,C2561,Cart,593,2025-09-10 07:25:50
S5736,C2895,Home,181,2025-09-10 07:24:42
S5737,C2478,Cart,347,2025-09-10 07:23:56
S5738,C2172,Home,105,2025-09-10 07:22:19
S5739,C2917,Home,405,2025-09-10 07:21:53
S5740,C2456,Profile,32,2025-09-10 07:25:30
S5741,C2977,Product,541,2025-09-10 07:22:01
S5742,C2118,Product,62,2025-09-10 07:20:30
S5743,C2493,Checkout,502,2025-09-10 07:22:42
S5744,C2678,Profile,301,2025-09-10 07:25:04
S5745,C2553,Cart,138,2025-09-10 07:21:50
S5746,C2246,Profile,335,2025-09-10 07:23:52
S5747,C2249,Product,253,2025-09-10 07:23:26
S5748,C2216,Checkout,554,2025-09-10 07:23:04
S5749,C2174,Product,79,2025-09-10 07:21:58
S5750,C2771,Cart,172,2025-09-10 07:24:46
S5751,C2966,Profile,507,2025-09-10 07:20:18
S5752,C2675,Cart,359,2025-09-10 07:25:50
S5753,C2716,Cart,229,2025-09-10 07:21:43
S5754,C2091,Home,535,2025-09-10 07:24:05
S5755,C2108,Cart,150,2025-09-10 07:25:45
S5756,C2445,Checkout,245,2025-09-10 07:25:52
S5757,C2732,Cart,348,2025-09-10 07:22:46
S5758,C2029,Cart,39,2025-09-10 07:24:38
S5759,C2164,Home,5,2025-09-10 07:21:05
S5760,C2951,Home,157,2025-09-10 07:21:28
S5761,C2951,Product,433,2025-09-10 07:22:36
S5762,C2334,Product,512,2025-09-10 07:21:42
S5763,C2924,Cart,130,2025-09-10 07:21:03
S5764,C2392,Product,495,2025-09-10 07:20:58
S5765,C2784,Checkout,486,2025-09-10 07:22:37
S5766,C2287,Checkout,349,2025-09-10 07:20:23
S5767,C2225,Checkout,225,2025-09-10 07:24:57
S5768,C2736,Home,29,2025-09-10 07:26:01
S5769,C2263,Home,532,2025-09-10 07:23:34
S5770,C2681,Profile,186,2025-09-10 07:25:32
S5771,C2487,Checkout,503,2025-09-10 07:24:40
S5772,C2974,Cart,46,2025-09-10 07:21:23
S5773,C2919,Product,485,2025-09-10 07:23:04
S5774,C2686,Home,443,2025-09-10 07:20:16
S5775,C2126,Cart,406,2025-09-10 07:25:07
S5776,C2681,Product,550,2025-09-10 07:25:52
S5777,C2139,Product,349,2025-09-10 07:22:59
S5778,C2944,Checkout,49,2025-09-10 07:21:20
S5779,C2547,Cart,25,2025-09-10 07:21:28
S5780,C2648,Cart,74,2025-09-10 07:25:17
S5781,C2742,Checkout,52,2025-09-10 07:22:38
S5782,C2503,Checkout,495,2025-09-10 07:23:24
S5783,C2092,Checkout,555,2025-09-10 07:21:17
S5784,C2814,Checkout,291,2025-09-10 07:20:20
S5785,C2708,Profile,14,2025-09-10 07:25:14
S5786,C2340,Cart,546,2025-09-10 07:21:51
S5787,C2892,Product,278,2025-09-10 07:26:10
S5788,C2229,Product,385,2025-09-10 07:23:19
S5789,C2954,Checkout,333,2025-09-10 07:23:11
S5790,C2589,Checkout,483,2025-09-10 07:23:26
S5791,C2784,Profile,19,2025-09-10 07:20:45
S5792,C2946,Checkout,520,2025-09-10 07:25:47
S5793,C2615,Profile,195,2025-09-10 07:20:12
S5794,C2066,Profile,172,2025-09-10 07:22:01
S5795,C2659,Checkout,525,2025-09-10 07:25:53
S5796,C2351,Profile,141,2025-09-10 07:25:03
S5797,C2386,Profile,158,2025-09-10 07:25:17
S5798,C2932,Product,392,2025-09-10 07:23:08
S5799,C2734,Checkout,213,2025-09-10 07:21:17
S5800,C2760,Home,276,2025-09-10 07:26:07
S5801,C2753,Profile,147,2025-09-10 07:25:10
S5802,C2742,Checkout,73,2025-09-10 07:24:26
S5803,C2390,Profile,251,2025-09-10 07:20:20
S5804,C2669,Profile,265,2025-09-10 07:21:01
S5805,C2657,Product,83,2025-09-10 07:22:09
S5806,C2803,Home,529,2025-09-10 07:24:04
S5807,C2575,Product,334,2025-09-10 07:21:12
S5808,C2989,Cart,193,2025-09-10 07:21:24
S5809,C2876,Home,99,2025-09-10 07:22:33
S5810,C2447,Product,12,2025-09-10 07:21:49
S5811,C2827,Home,71,2025-09-10 07:23:49
S5812,C2238,Cart,500,2025-09-10 07:23:15
S5813,C2228,Profile,195,2025-09-10 07:24:53
S5814,C2265,Checkout,370,2025-09-10 07:22:59
S5815,C2118,Product,525,2025-09-10 07:24:48
S5816,C2297,Home,121,2025-09-10 07:23:19
S5817,C2089,Home,271,2025-09-10 07:23:30
S5818,C2114,Cart,489,2025-09-10 07:22:49
S5819,C2091,Cart,513,2025-09-10 07:21:18
S5820,C2348,Product,302,2025-09-10 07:22:00
S5821,C2758,Cart,168,2025-09-10 07:20:25
S5822,C2606,Checkout,380,2025-09-10 07:22:24
S5823,C2959,Product,272,2025-09-10 07:20:50
S5824,C2192,Profile,553,2025-09-10 07:21:31
S5825,C2762,Checkout,78,2025-09-10 07:20:25
S5826,C2964,Product,512,2025-09-10 07:21:24
S5827,C2118,Product,77,2025-09-10 07:24:18
S5828,C2586,Product,312,2025-09-10 07:20:39
S5829,C2376,Home,203,2025-09-10 07:23:48
S5830,C2130,Product,134,2025-09-10 07:21:15
S5831,C2873,Home,576,2025-09-10 07:23:17
S5832,C2320,Product,491,2025-09-10 07:25:26
S5833,C2976,Checkout,155,2025-09-10 07:21:34
S5834,C2389,Home,210,2025-09-10 07:24:17
S5835,C2590,Checkout,183,2025-09-10 07:22:10
S5836,C2754,Cart,201,2025-09-10 07:24:57
S5837,C2001,Home,93,2025-09-10 07:24:25
S5838,C2318,Home,438,2025-09-10 07:22:34
S5839,C2063,Profile,187,2025-09-10 07:20:42
S5840,C2604,Home,213,2025-09-10 07:21:37
S5841,C2548,Checkout,497,2025-09-10 07:25:18
S5842,C2194,Profile,134,2025-09-10 07:25:29
S5843,C2867,Product,17,2025-09-10 07:20:43
S5844,C2397,Home,110,2025-09-10 07:23:58
S5845,C2433,Product,379,2025-09-10 07:20:55
S5846,C2327,Cart,586,2025-09-10 07:23:52
S5847,C2789,Product,103,2025-09-10 07:23:50
S5848,C2373,Home,598,2025-09-10 07:25:14
S5849,C2816,Product,591,2025-09-10 07:20:23
S5850,C2695,Home,196,2025-09-10 07:23:43
S5851,C2956,Home,329,2025-09-10 07:22:08
S5852,C2815,Profile,471,2025-09-10 07:21:18
S5853,C2129,Checkout,371,2025-09-10 07:21:16
S5854,C2532,Product,322,2025-09-10 07:22:36
S5855,C2679,Product,148,2025-09-10 07:24:43
S5856,C2616,Checkout,388,2025-09-10 07:25:44
S5857,C2604,Product,220,2025-09-10 07:21:06
S5858,C2227,Profile,365,2025-09-10 07:23:07
S5859,C2109,Cart,328,2025-09-10 07:22:55
S5860,C2404,Checkout,19,2025-09-10 07:22:25
S5861,C2009,Checkout,221,2025-09-10 07:21:33
S5862,C2551,Cart,496,2025-09-10 07:26:02
S5863,C2872,Checkout,551,2025-09-10 07:25:35
S5864,C2471,Home,187,2025-09-10 07:25:40
S5865,C2323,Cart,274,2025-09-10 07:20:15
S5866,C2148,Home,471,2025-09-10 07:22:05
S5867,C2835,Product,523,2025-09-10 07:26:11
S5868,C2965,Home,546,2025-09-10 07:22:38
S5869,C2303,Home,471,2025-09-10 07:20:28
S5870,C2857,Profile,309,2025-09-10 07:22:19
S5871,C2224,Product,148,2025-09-10 07:20:42
S5872,C2511,Profile,115,2025-09-10 07:21:15
S5873,C2696,Product,236,2025-09-10 07:20:20
S5874,C2466,Home,588,2025-09-10 07:25:27
S5875,C2150,Checkout,596,2025-09-10 07:23:17
S5876,C2615,Checkout,504,2025-09-10 07:23:39
S5877,C2290,Checkout,599,2025-09-10 07:24:26
S5878,C2149,Profile,558,2025-09-10 07:25:00
S5879,C2764,Cart,277,2025-09-10 07:25:39
S5880,C2681,Profile,177,2025-09-10 07:24:03
S5881,C2869,Profile,11,2025-09-10 07:23:20
S5882,C2820,Cart,159,2025-09-10 07:23:48
S5883,C2847,Product,526,2025-09-10 07:22:49
S5884,C2719,Checkout,550,2025-09-10 07:25:30
S5885,C2035,Product,552,2025-09-10 07:20:45
S5886,C2613,Cart,522,2025-09-10 07:23:21
S5887,C2327,Home,219,2025-09-10 07:23:58
S5888,C2316,Profile,138,2025-09-10 07:25:14
S5889,C2514,Checkout,289,2025-09-10 07:25:58
S5890,C2705,Product,130,2025-09-10 07:23:10
S5891,C2126,Product,443,2025-09-10 07:23:22
S5892,C2280,Checkout,156,2025-09-10 07:22:37
S5893,C2868,Profile,335,2025-09-10 07:23:49
S5894,C2723,Home,542,2025-09-10 07:21:40
S5895,C2587,Product,387,2025-09-10 07:22:18
S5896,C2489,Checkout,119,2025-09-10 07:22:20
S5897,C2646,Product,486,2025-09-10 07:24:17
S5898,C2848,Profile,288,2025-09-10 07:21:06
S5899,C2220,Profile,79,2025-09-10 07:21:22
S5900,C2506,Home,170,2025-09-10 07:22:20
S5901,C2298,Checkout,193,2025-09-10 07:24:08
S5902,C2721,Checkout,82,2025-09-10 07:23:54
S5903,C2989,Cart,25,2025-09-10 07:20:13
S5904,C2385,Checkout,570,2025-09-10 07:21:08
S5905,C2060,Checkout,188,2025-09-10 07:20:34
S5906,C2829,Product,226,2025-09-10 07:24:56
S5907,C2341,Home,332,2025-09-10 07:20:42
S5908,C2156,Cart,183,2025-09-10 07:21:12
S5909,C2847,Checkout,116,2025-09-10 07:24:35
S5910,C2733,Product,63,2025-09-10 07:21:14
S5911,C2215,Cart,331,2025-09-10 07:20:31
S5912,C2868,Home,195,2025-09-10 07:21:58
S5913,C2750,Home,204,2025-09-10 07:20:25
S5914,C2956,Home,316,2025-09-10 07:23:43
S5915,C2829,Cart,39,2025-09-10 07:24:55
S5916,C2230,Profile,383,2025-09-10 07:22:09
S5917,C2717,Cart,391,2025-09-10 07:21:03
S5918,C2753,Home,241,2025-09-10 07:24:02
S5919,C2053,Product,523,2025-09-10 07:23:36
S5920,C2945,Cart,287,2025-09-10 07:22:33
S5921,C2886,Product,5,2025-09-10 07:20:58
S5922,C2794,Profile,468,2025-09-10 07:24:22
S5923,C2183,Home,234,2025-09-10 07:21:34
S5924,C2877,Home,176,2025-09-10 07:23:48
S5925,C2499,Product,91,2025-09-10 07:24:36
S5926,C2744,Profile,557,2025-09-10 07:20:33
S5927,C2401,Home,127,2025-09-10 07:24:50
S5928,C2306,Cart,302,2025-09-10 07:20:18
S5929,C2834,Product,579,2025-09-10 07:24:36
S5930,C2675,Profile,488,2025-09-10 07:21:01
S5931,C2934,Product,169,2025-09-10 07:25:55
S5932,C2868,Home,387,2025-09-10 07:23:19
S5933,C2163,Product,213,2025-09-10 07:24:01
S5934,C2022,Cart,436,2025-09-10 07:21:06
S5935,C2561,Home,393,2025-09-10 07:21:27
S5936,C2401,Profile,564,2025-09-10 07:25:15
S5937,C2345,Profile,228,2025-09-10 07:20:27
S5938,C2432,Home,7,2025-09-10 07:21:07
S5939,C2694,Profile,376,2025-09-10 07:23:07
S5940,C2484,Checkout,450,2025-09-10 07:26:12
S5941,C2356,Home,120,2025-09-10 07:20:43
S5942,C2775,Home,274,2025-09-10 07:24:09
S5943,C2400,Cart,451,2025-09-10 07:20:55
S5944,C2400,Home,372,2025-09-10 07:21:52
S5945,C2073,Cart,257,2025-09-10 07:24:32
S5946,C2540,Home,321,2025-09-10 07:20:33
S5947,C2744,Cart,419,2025-09-10 07:23:41
S5948,C2289,Cart,99,2025-09-10 07:24:03
S5949,C2289,Checkout,28,2025-09-10 07:21:04
S5950,C2713,Profile,54,2025-09-10 07:22:18
S5951,C2945,Product,506,2025-09-10 07:20:39
S5952,C2199,Cart,502,2025-09-10 07:24:08
S5953,C2717,Checkout,339,2025-09-10 07:22:09
S5954,C2876,Cart,83,2025-09-10 07:23:02
S5955,C2561,Product,586,2025-09-10 07:20:52
S5956,C2403,Home,31,2025-09-10 07:20:36
S5957,C2099,Cart,275,2025-09-10 07:22:39
S5958,C2134,Checkout,566,2025-09-10 07:23:16
S5959,C2331,Profile,251,2025-09-10 07:24:43
S5960,C2770,Home,595,2025-09-10 07:22:33
S5961,C2810,Profile,391,2025-09-10 07:24:23
S5962,C2594,Product,563,2025-09-10 07:22:45
S5963,C2886,Home,365,2025-09-10 07:21:54
S5964,C2824,Profile,492,2025-09-10 07:23:37
S5965,C2055,Checkout,356,2025-09-10 07:21:41
S5966,C2870,Checkout,260,2025-09-10 07:21:10
S5967,C2957,Profile,226,2025-09-10 07:26:12
S5968,C2726,Home,5,2025-09-10 07:21:52
S5969,C2311,Cart,550,2025-09-10 07:20:24
S5970,C2468,Product,450,2025-09-10 07:20:20
S5971,C2670,Product,83,2025-09-10 07:25:01
S5972,C2167,Checkout,240,2025-09-10 07:23:54
S5973,C2591,Home,338,2025-09-10 07:21:45
S5974,C2140,Home,353,2025-09-10 07:23:10
S5975,C2452,Product,102,2025-09-10 07:24:44
S5976,C2712,Product,86,2025-09-10 07:24:42
S5977,C2494,Product,506,2025-09-10 07:25:58
S5978,C2298,Product,481,2025-09-10 07:23:13
S5979,C2918,Profile,554,2025-09-10 07:24:00
S5980,C2148,Profile,18,2025-09-10 07:23:50
S5981,C2214,Profile,396,2025-09-10 07:26:12
S5982,C2223,Profile,351,2025-09-10 07:23:51
S5983,C2823,Cart,314,2025-09-10 07:25:17
S5984,C2766,Checkout,390,2025-09-10 07:22:21
S5985,C2200,Product,213,2025-09-10 07:24:26
S5986,C2752,Cart,361,2025-09-10 07:20:27
S5987,C2666,Cart,572,2025-09-10 07:21:56
S5988,C2009,Cart,98,2025-09-10 07:21:13
S5989,C2370,Profile,97,2025-09-10 07:24:59
S5990,C2743,Checkout,344,2025-09-10 07:20:14
S5991,C2876,Home,449,2025-09-10 07:23:02
S5992,C2589,Checkout,26,2025-09-10 07:21:53
S5993,C2104,Product,295,2025-09-10 07:25:55
S5994,C2694,Product,489,2025-09-10 07:21:54
S5995,C2804,Profile,310,2025-09-10 07:25:22
S5996,C2879,Profile,132,2025-09-10 07:23:38
S5997,C2151,Home,277,2025-09-10 07:21:32
S5998,C2385,Product,446,2025-09-10 07:23:57
S5999,C2973,Profile,507,2025-09-10 07:22:22
